Transaction_ID,Order_ID,Customer_ID,Product_ID,Qty,Amount,Payment,Status
TXN0000001,ORD0000001,CUST016680,PROD02727,2,50791.96,UPI,Cancelled
TXN0000002,ORD0000002,CUST007360,PROD04500,2,47773.79,UPI,Shipped
TXN0000003,ORD0000003,CUST022583,PROD04304,5,6408.46,Card,Shipped
TXN0000004,ORD0000004,CUST039779,PROD00500,5,24217.51,Card,Returned
TXN0000005,ORD0000005,CUST001883,PROD02209,2,10458.27,Card,Returned
TXN0000006,ORD0000006,CUST003641,PROD03315,4,24573.44,COD,Cancelled
TXN0000007,ORD0000007,CUST028972,PROD03390,3,25744.32,COD,Returned
TXN0000008,ORD0000008,CUST032347,PROD02389,4,57490.68,UPI,Shipped
TXN0000009,ORD0000009,CUST038583,PROD04513,3,50100.03,Card,Returned
TXN0000010,ORD0000010,CUST034695,PROD01146,2,16166.47,Card,Shipped
TXN0000011,ORD0000011,CUST011974,PROD02792,4,14853.05,UPI,Delivered
TXN0000012,ORD0000012,CUST011485,PROD03508,5,11441.44,Card,Returned
TXN0000013,ORD0000013,CUST035558,PROD01467,5,58097.66,UPI,Returned
TXN0000014,ORD0000014,CUST045510,PROD02901,3,26858.47,Card,Cancelled
TXN0000015,ORD0000015,CUST019418,PROD01253,4,17902.08,COD,Delivered
TXN0000016,ORD0000016,CUST036337,PROD00310,3,304.51,COD,Cancelled
TXN0000017,ORD0000017,CUST030653,PROD00659,5,23676.99,UPI,Cancelled
TXN0000018,ORD0000018,CUST004797,PROD01671,4,49759.27,UPI,Returned
TXN0000019,ORD0000019,CUST014541,PROD02268,2,7862.24,COD,Returned
TXN0000020,ORD0000020,CUST022329,PROD01335,4,3445.77,UPI,Returned
TXN0000021,ORD0000021,CUST035159,PROD03978,3,26287,UPI,Returned
TXN0000022,ORD0000022,CUST024611,PROD04113,1,42891,Card,Returned
TXN0000023,ORD0000023,CUST026223,PROD04461,5,55452.81,Card,Delivered
TXN0000024,ORD0000024,CUST021699,PROD04687,2,45287.2,UPI,Cancelled
TXN0000025,ORD0000025,CUST039718,PROD03192,2,47318.28,COD,Shipped
TXN0000026,ORD0000026,CUST005319,PROD04103,3,6352.26,Card,Returned
TXN0000027,ORD0000027,CUST026402,PROD02943,2,33727.57,Card,Shipped
TXN0000028,ORD0000028,CUST047787,PROD04371,1,6331.28,COD,Returned
TXN0000029,ORD0000029,CUST031206,PROD01219,2,37218.83,COD,Cancelled
TXN0000030,ORD0000030,CUST041036,PROD04423,4,22013.8,COD,Returned
TXN0000031,ORD0000031,CUST009427,PROD01168,4,14345.5,Card,Returned
TXN0000032,ORD0000032,CUST011625,PROD00721,4,25175.71,UPI,Shipped
TXN0000033,ORD0000033,CUST015769,PROD00087,2,1700.81,UPI,Cancelled
TXN0000034,ORD0000034,CUST002993,PROD03905,5,19312.12,COD,Cancelled
TXN0000035,ORD0000035,CUST049294,PROD00833,1,25388.89,COD,Returned
TXN0000036,ORD0000036,CUST006642,PROD03996,1,5236.13,Card,Cancelled
TXN0000037,ORD0000037,CUST047762,PROD00099,1,32525.94,COD,Delivered
TXN0000038,ORD0000038,CUST026387,PROD03535,1,1011.41,UPI,Shipped
TXN0000039,ORD0000039,CUST047080,PROD03616,5,26571.69,COD,Cancelled
TXN0000040,ORD0000040,CUST034099,PROD04625,1,8743.38,Card,Shipped
TXN0000041,ORD0000041,CUST046399,PROD00596,1,11970.16,COD,Cancelled
TXN0000042,ORD0000042,CUST021286,PROD01882,2,5548.03,UPI,Delivered
TXN0000043,ORD0000043,CUST045410,PROD01078,1,33574.89,UPI,Returned
TXN0000044,ORD0000044,CUST019059,PROD00278,3,54752.2,COD,Delivered
TXN0000045,ORD0000045,CUST002351,PROD02276,1,36073.89,UPI,Cancelled
TXN0000046,ORD0000046,CUST011985,PROD03042,3,50605.38,COD,Returned
TXN0000047,ORD0000047,CUST003299,PROD01745,1,27308.36,UPI,Shipped
TXN0000048,ORD0000048,CUST013427,PROD01095,5,32690.69,COD,Delivered
TXN0000049,ORD0000049,CUST023011,PROD01408,5,27743.59,UPI,Shipped
TXN0000050,ORD0000050,CUST029148,PROD02766,1,54132.82,COD,Cancelled
TXN0000051,ORD0000051,CUST035212,PROD00249,1,38051.16,COD,Returned
TXN0000052,ORD0000052,CUST038693,PROD04490,3,29783.64,Card,Returned
TXN0000053,ORD0000053,CUST026010,PROD01071,2,12025.92,UPI,Shipped
TXN0000054,ORD0000054,CUST020316,PROD02457,5,50531.26,COD,Cancelled
TXN0000055,ORD0000055,CUST022911,PROD04367,3,23892.67,COD,Shipped
TXN0000056,ORD0000056,CUST001044,PROD03822,3,41497.84,Card,Shipped
TXN0000057,ORD0000057,CUST014273,PROD03257,2,45827.58,UPI,Delivered
TXN0000058,ORD0000058,CUST027490,PROD03533,1,54140.06,UPI,Shipped
TXN0000059,ORD0000059,CUST046486,PROD01936,1,56204.72,Card,Cancelled
TXN0000060,ORD0000060,CUST006295,PROD01059,1,29929.56,Card,Shipped
TXN0000061,ORD0000061,CUST014361,PROD01989,1,46572.6,Card,Shipped
TXN0000062,ORD0000062,CUST002822,PROD03853,1,52317.15,Card,Returned
TXN0000063,ORD0000063,CUST018344,PROD00003,4,2202.71,UPI,Delivered
TXN0000064,ORD0000064,CUST001617,PROD01114,5,36188.54,COD,Cancelled
TXN0000065,ORD0000065,CUST010897,PROD00752,4,14709.69,COD,Returned
TXN0000066,ORD0000066,CUST043759,PROD00309,1,24946.1,UPI,Shipped
TXN0000067,ORD0000067,CUST033783,PROD03720,5,11019.86,UPI,Delivered
TXN0000068,ORD0000068,CUST024510,PROD00248,4,44819.88,COD,Delivered
TXN0000069,ORD0000069,CUST013236,PROD03633,2,11687.73,Card,Delivered
TXN0000070,ORD0000070,CUST034682,PROD03777,4,51622.29,UPI,Delivered
TXN0000071,ORD0000071,CUST004320,PROD04288,5,18812.9,Card,Shipped
TXN0000072,ORD0000072,CUST049408,PROD04651,3,49471.13,COD,Cancelled
TXN0000073,ORD0000073,CUST033384,PROD02862,1,21429.98,Card,Returned
TXN0000074,ORD0000074,CUST048912,PROD01757,1,5538.72,UPI,Shipped
TXN0000075,ORD0000075,CUST018385,PROD03808,2,51183.17,COD,Returned
TXN0000076,ORD0000076,CUST018177,PROD04572,3,44435,UPI,Shipped
TXN0000077,ORD0000077,CUST015613,PROD04915,4,39129.13,Card,Returned
TXN0000078,ORD0000078,CUST043655,PROD04181,3,15273.76,COD,Returned
TXN0000079,ORD0000079,CUST030911,PROD04700,1,40519.86,COD,Returned
TXN0000080,ORD0000080,CUST032911,PROD00513,5,14014.3,COD,Returned
TXN0000081,ORD0000081,CUST041401,PROD01840,5,54592.4,Card,Cancelled
TXN0000082,ORD0000082,CUST027046,PROD00510,1,14162.32,Card,Returned
TXN0000083,ORD0000083,CUST021343,PROD04870,3,31330.6,Card,Delivered
TXN0000084,ORD0000084,CUST020106,PROD00392,4,33515.41,UPI,Delivered
TXN0000085,ORD0000085,CUST043141,PROD01849,3,23438.78,UPI,Cancelled
TXN0000086,ORD0000086,CUST002257,PROD01124,5,3972.87,COD,Cancelled
TXN0000087,ORD0000087,CUST019540,PROD01482,1,41450.84,COD,Shipped
TXN0000088,ORD0000088,CUST018271,PROD04987,1,6212.26,COD,Shipped
TXN0000089,ORD0000089,CUST005358,PROD04571,3,44308.76,Card,Cancelled
TXN0000090,ORD0000090,CUST013484,PROD03878,5,42469.42,UPI,Shipped
TXN0000091,ORD0000091,CUST026502,PROD04503,2,34853.12,COD,Cancelled
TXN0000092,ORD0000092,CUST042607,PROD04349,4,10073.7,COD,Delivered
TXN0000093,ORD0000093,CUST036156,PROD01526,4,51759.23,UPI,Cancelled
TXN0000094,ORD0000094,CUST038983,PROD01189,3,50896.64,COD,Cancelled
TXN0000095,ORD0000095,CUST042712,PROD03703,2,25311.44,Card,Shipped
TXN0000096,ORD0000096,CUST030122,PROD01399,2,52440.44,COD,Cancelled
TXN0000097,ORD0000097,CUST020486,PROD02636,2,38601.18,Card,Shipped
TXN0000098,ORD0000098,CUST037287,PROD02073,2,59841.3,COD,Cancelled
TXN0000099,ORD0000099,CUST017528,PROD02550,1,23977.31,COD,Cancelled
TXN0000100,ORD0000100,CUST018744,PROD01173,4,11396.85,COD,Returned
TXN0000101,ORD0000101,CUST041309,PROD01464,5,42492.18,UPI,Cancelled
TXN0000102,ORD0000102,CUST048808,PROD00295,2,21247.73,UPI,Returned
TXN0000103,ORD0000103,CUST003666,PROD02160,1,11657.63,UPI,Shipped
TXN0000104,ORD0000104,CUST003284,PROD02772,5,19789.95,UPI,Delivered
TXN0000105,ORD0000105,CUST045769,PROD00364,3,47733.4,UPI,Returned
TXN0000106,ORD0000106,CUST001315,PROD02950,4,18403.88,UPI,Delivered
TXN0000107,ORD0000107,CUST038481,PROD01949,5,6473.94,UPI,Returned
TXN0000108,ORD0000108,CUST039781,PROD00131,5,30137.52,Card,Shipped
TXN0000109,ORD0000109,CUST048016,PROD00882,2,48833.3,Card,Delivered
TXN0000110,ORD0000110,CUST049251,PROD04133,4,59958.27,UPI,Returned
TXN0000111,ORD0000111,CUST046759,PROD03425,5,9003.58,COD,Cancelled
TXN0000112,ORD0000112,CUST021749,PROD03491,1,29474.18,COD,Delivered
TXN0000113,ORD0000113,CUST040151,PROD02895,5,24671.05,Card,Returned
TXN0000114,ORD0000114,CUST018820,PROD03014,5,2911.91,COD,Shipped
TXN0000115,ORD0000115,CUST034936,PROD02651,2,40944.18,COD,Cancelled
TXN0000116,ORD0000116,CUST020477,PROD00942,1,45273.09,Card,Delivered
TXN0000117,ORD0000117,CUST036092,PROD04392,4,58783.61,Card,Delivered
TXN0000118,ORD0000118,CUST020541,PROD04404,3,54838.94,Card,Cancelled
TXN0000119,ORD0000119,CUST000648,PROD04661,1,46629.62,UPI,Delivered
TXN0000120,ORD0000120,CUST003628,PROD00451,2,41636.88,Card,Shipped
TXN0000121,ORD0000121,CUST030386,PROD03542,5,6500.87,UPI,Returned
TXN0000122,ORD0000122,CUST006015,PROD00337,5,52115.95,Card,Returned
TXN0000123,ORD0000123,CUST028124,PROD03676,4,21708.61,UPI,Cancelled
TXN0000124,ORD0000124,CUST020888,PROD01951,2,9127.98,Card,Returned
TXN0000125,ORD0000125,CUST001411,PROD00331,2,38496.42,UPI,Cancelled
TXN0000126,ORD0000126,CUST017591,PROD02036,4,26052.56,COD,Returned
TXN0000127,ORD0000127,CUST013365,PROD00017,5,419.5,UPI,Returned
TXN0000128,ORD0000128,CUST005547,PROD03231,2,16189.15,UPI,Cancelled
TXN0000129,ORD0000129,CUST043509,PROD03168,1,40380.87,Card,Delivered
TXN0000130,ORD0000130,CUST043081,PROD03351,4,45019.09,Card,Cancelled
TXN0000131,ORD0000131,CUST026150,PROD02742,1,18773.49,Card,Delivered
TXN0000132,ORD0000132,CUST035588,PROD01556,4,4519.34,COD,Cancelled
TXN0000133,ORD0000133,CUST003730,PROD02575,2,48668.79,UPI,Cancelled
TXN0000134,ORD0000134,CUST041003,PROD01847,5,3077.21,UPI,Delivered
TXN0000135,ORD0000135,CUST000741,PROD03531,3,4465.59,Card,Shipped
TXN0000136,ORD0000136,CUST016128,PROD02944,1,49637.81,Card,Cancelled
TXN0000137,ORD0000137,CUST040425,PROD03030,3,26233.75,Card,Shipped
TXN0000138,ORD0000138,CUST015600,PROD02266,5,14644.55,UPI,Cancelled
TXN0000139,ORD0000139,CUST028258,PROD00395,5,20103.79,COD,Delivered
TXN0000140,ORD0000140,CUST024126,PROD03835,3,20607.85,UPI,Cancelled
TXN0000141,ORD0000141,CUST008719,PROD04863,5,32188.14,UPI,Cancelled
TXN0000142,ORD0000142,CUST028003,PROD00420,5,43808.79,UPI,Cancelled
TXN0000143,ORD0000143,CUST013183,PROD04524,2,44941.89,Card,Cancelled
TXN0000144,ORD0000144,CUST019832,PROD00577,4,2070.41,COD,Returned
TXN0000145,ORD0000145,CUST016469,PROD04488,5,1513.79,COD,Delivered
TXN0000146,ORD0000146,CUST004772,PROD03471,2,27839.26,UPI,Delivered
TXN0000147,ORD0000147,CUST043210,PROD00216,5,44011.61,UPI,Returned
TXN0000148,ORD0000148,CUST009936,PROD01388,2,41286.22,UPI,Delivered
TXN0000149,ORD0000149,CUST035005,PROD03502,4,32713.34,COD,Returned
TXN0000150,ORD0000150,CUST045589,PROD01627,4,52223.94,UPI,Returned
TXN0000151,ORD0000151,CUST017036,PROD04499,4,17462.58,UPI,Delivered
TXN0000152,ORD0000152,CUST039617,PROD04349,4,11353.22,Card,Shipped
TXN0000153,ORD0000153,CUST036767,PROD00898,5,6293.85,COD,Delivered
TXN0000154,ORD0000154,CUST047646,PROD01192,5,4712.81,Card,Delivered
TXN0000155,ORD0000155,CUST030023,PROD03683,1,9353.65,Card,Delivered
TXN0000156,ORD0000156,CUST028941,PROD01893,3,43386.94,COD,Returned
TXN0000157,ORD0000157,CUST007141,PROD02229,3,9132.94,COD,Cancelled
TXN0000158,ORD0000158,CUST031340,PROD01322,5,41486.72,UPI,Delivered
TXN0000159,ORD0000159,CUST029476,PROD03421,1,9322.9,UPI,Cancelled
TXN0000160,ORD0000160,CUST026698,PROD00090,3,25483.69,UPI,Shipped
TXN0000161,ORD0000161,CUST011422,PROD04628,1,32392.11,COD,Shipped
TXN0000162,ORD0000162,CUST020052,PROD02434,2,33439.08,UPI,Delivered
TXN0000163,ORD0000163,CUST022722,PROD02671,4,52562.3,COD,Cancelled
TXN0000164,ORD0000164,CUST029517,PROD01743,5,46791.84,Card,Cancelled
TXN0000165,ORD0000165,CUST033514,PROD01794,3,59633.18,UPI,Cancelled
TXN0000166,ORD0000166,CUST007605,PROD03761,1,35573.66,COD,Delivered
TXN0000167,ORD0000167,CUST006180,PROD03065,5,15921.79,Card,Shipped
TXN0000168,ORD0000168,CUST025056,PROD04160,4,55672.28,COD,Cancelled
TXN0000169,ORD0000169,CUST045503,PROD03463,4,13534.05,Card,Returned
TXN0000170,ORD0000170,CUST046682,PROD04861,1,33106.21,UPI,Shipped
TXN0000171,ORD0000171,CUST025061,PROD03578,4,591.02,COD,Delivered
TXN0000172,ORD0000172,CUST044501,PROD02361,4,43399.13,UPI,Returned
TXN0000173,ORD0000173,CUST036411,PROD00427,5,30407.76,COD,Returned
TXN0000174,ORD0000174,CUST005438,PROD00455,5,56296.72,Card,Returned
TXN0000175,ORD0000175,CUST041646,PROD04182,5,40092.23,COD,Delivered
TXN0000176,ORD0000176,CUST043112,PROD04120,1,17740.13,UPI,Delivered
TXN0000177,ORD0000177,CUST023103,PROD00979,1,28393.66,Card,Cancelled
TXN0000178,ORD0000178,CUST012672,PROD03979,3,49682.3,UPI,Shipped
TXN0000179,ORD0000179,CUST035609,PROD02342,3,4993.88,UPI,Cancelled
TXN0000180,ORD0000180,CUST012711,PROD03714,2,5624.71,COD,Shipped
TXN0000181,ORD0000181,CUST049777,PROD04078,3,45025.11,COD,Delivered
TXN0000182,ORD0000182,CUST011150,PROD00710,1,44954.82,COD,Delivered
TXN0000183,ORD0000183,CUST035572,PROD02262,3,36255.76,Card,Cancelled
TXN0000184,ORD0000184,CUST013158,PROD02780,4,50348.03,COD,Shipped
TXN0000185,ORD0000185,CUST006099,PROD03564,1,53008.68,COD,Delivered
TXN0000186,ORD0000186,CUST033847,PROD02804,3,27383.7,UPI,Cancelled
TXN0000187,ORD0000187,CUST032446,PROD00287,3,35975.36,COD,Returned
TXN0000188,ORD0000188,CUST004620,PROD03311,3,54742.38,Card,Cancelled
TXN0000189,ORD0000189,CUST035492,PROD03327,1,28405.15,UPI,Returned
TXN0000190,ORD0000190,CUST006432,PROD01891,2,20304.91,UPI,Returned
TXN0000191,ORD0000191,CUST018117,PROD04223,2,43541.28,COD,Cancelled
TXN0000192,ORD0000192,CUST008660,PROD01351,1,44530.03,UPI,Delivered
TXN0000193,ORD0000193,CUST004990,PROD00834,5,2939.07,UPI,Delivered
TXN0000194,ORD0000194,CUST035358,PROD00330,5,18414.89,UPI,Cancelled
TXN0000195,ORD0000195,CUST039114,PROD02500,5,59599.93,COD,Delivered
TXN0000196,ORD0000196,CUST045495,PROD04259,3,30546.25,COD,Cancelled
TXN0000197,ORD0000197,CUST002017,PROD03644,3,6723.71,Card,Returned
TXN0000198,ORD0000198,CUST000178,PROD04109,3,51766.19,COD,Cancelled
TXN0000199,ORD0000199,CUST021877,PROD03264,4,26305.21,COD,Shipped
TXN0000200,ORD0000200,CUST034764,PROD01141,2,6830.91,UPI,Delivered
TXN0000201,ORD0000201,CUST032426,PROD04482,4,58493.4,UPI,Shipped
TXN0000202,ORD0000202,CUST043021,PROD02460,4,8916.22,COD,Cancelled
TXN0000203,ORD0000203,CUST001228,PROD02646,5,55573.32,UPI,Shipped
TXN0000204,ORD0000204,CUST030032,PROD01903,5,32027.54,Card,Cancelled
TXN0000205,ORD0000205,CUST020644,PROD04808,5,52234.17,Card,Delivered
TXN0000206,ORD0000206,CUST025741,PROD02203,2,49616.93,UPI,Cancelled
TXN0000207,ORD0000207,CUST026351,PROD03495,5,51578.54,Card,Cancelled
TXN0000208,ORD0000208,CUST019346,PROD04395,2,19882.16,COD,Returned
TXN0000209,ORD0000209,CUST040242,PROD00277,2,35423.09,UPI,Cancelled
TXN0000210,ORD0000210,CUST049226,PROD02301,4,46070.93,UPI,Delivered
TXN0000211,ORD0000211,CUST011462,PROD02253,4,38808.93,Card,Returned
TXN0000212,ORD0000212,CUST020926,PROD03583,4,16088.48,Card,Shipped
TXN0000213,ORD0000213,CUST045336,PROD00381,5,1113.66,UPI,Cancelled
TXN0000214,ORD0000214,CUST016962,PROD01489,5,52122.71,Card,Cancelled
TXN0000215,ORD0000215,CUST002031,PROD03013,5,43942.8,COD,Shipped
TXN0000216,ORD0000216,CUST028854,PROD00278,4,24417.43,COD,Shipped
TXN0000217,ORD0000217,CUST035075,PROD00038,4,20256.69,Card,Delivered
TXN0000218,ORD0000218,CUST029932,PROD00491,2,41031.85,COD,Shipped
TXN0000219,ORD0000219,CUST038006,PROD00304,4,10978.27,UPI,Delivered
TXN0000220,ORD0000220,CUST039155,PROD03622,4,529.92,COD,Returned
TXN0000221,ORD0000221,CUST003941,PROD00574,4,39178.47,UPI,Delivered
TXN0000222,ORD0000222,CUST020659,PROD00358,4,23005.52,Card,Cancelled
TXN0000223,ORD0000223,CUST007978,PROD00734,1,31270.77,Card,Returned
TXN0000224,ORD0000224,CUST008051,PROD01853,4,45838.63,COD,Cancelled
TXN0000225,ORD0000225,CUST012878,PROD01489,4,55739.32,UPI,Shipped
TXN0000226,ORD0000226,CUST022781,PROD01572,1,4827.93,COD,Delivered
TXN0000227,ORD0000227,CUST044262,PROD01530,2,54889.92,Card,Shipped
TXN0000228,ORD0000228,CUST021559,PROD02430,2,1458.99,UPI,Delivered
TXN0000229,ORD0000229,CUST018515,PROD02499,2,20845.43,Card,Delivered
TXN0000230,ORD0000230,CUST001513,PROD04965,4,16509.38,Card,Delivered
TXN0000231,ORD0000231,CUST023043,PROD04170,4,28086.18,UPI,Cancelled
TXN0000232,ORD0000232,CUST003467,PROD03780,2,25740.66,Card,Returned
TXN0000233,ORD0000233,CUST036681,PROD04849,2,56977.76,UPI,Delivered
TXN0000234,ORD0000234,CUST013229,PROD04095,1,10308.76,Card,Shipped
TXN0000235,ORD0000235,CUST032173,PROD04634,5,4519.51,Card,Shipped
TXN0000236,ORD0000236,CUST004650,PROD01748,2,50214.84,COD,Cancelled
TXN0000237,ORD0000237,CUST016955,PROD03383,2,23284.06,UPI,Cancelled
TXN0000238,ORD0000238,CUST037010,PROD02674,5,58301.58,Card,Shipped
TXN0000239,ORD0000239,CUST040062,PROD04225,2,36867.03,Card,Delivered
TXN0000240,ORD0000240,CUST008493,PROD00535,3,50436.58,UPI,Shipped
TXN0000241,ORD0000241,CUST000912,PROD02700,1,18084.25,COD,Delivered
TXN0000242,ORD0000242,CUST030663,PROD00771,3,14272.24,COD,Cancelled
TXN0000243,ORD0000243,CUST019484,PROD02053,2,34298.24,COD,Returned
TXN0000244,ORD0000244,CUST012872,PROD02495,5,2456.91,Card,Cancelled
TXN0000245,ORD0000245,CUST047822,PROD04031,1,18849.04,UPI,Delivered
TXN0000246,ORD0000246,CUST033559,PROD01693,2,12489.18,Card,Cancelled
TXN0000247,ORD0000247,CUST022573,PROD00035,5,39035.79,Card,Returned
TXN0000248,ORD0000248,CUST002080,PROD01661,2,54471.64,COD,Delivered
TXN0000249,ORD0000249,CUST025484,PROD00335,3,23529.69,UPI,Delivered
TXN0000250,ORD0000250,CUST017054,PROD04953,1,16876.19,COD,Cancelled
TXN0000251,ORD0000251,CUST048852,PROD04031,3,46649.35,Card,Returned
TXN0000252,ORD0000252,CUST019874,PROD03852,3,10761.71,COD,Returned
TXN0000253,ORD0000253,CUST021825,PROD00318,2,15367.12,Card,Cancelled
TXN0000254,ORD0000254,CUST014361,PROD01598,3,6296.22,Card,Delivered
TXN0000255,ORD0000255,CUST025081,PROD00216,4,58906.64,Card,Returned
TXN0000256,ORD0000256,CUST042732,PROD01949,2,23826.65,COD,Returned
TXN0000257,ORD0000257,CUST017714,PROD00426,5,53121.96,UPI,Shipped
TXN0000258,ORD0000258,CUST024701,PROD01496,5,22705.7,Card,Returned
TXN0000259,ORD0000259,CUST011949,PROD03141,3,34148.31,Card,Delivered
TXN0000260,ORD0000260,CUST022365,PROD00004,5,23113.74,Card,Cancelled
TXN0000261,ORD0000261,CUST028590,PROD01554,5,29364.07,COD,Delivered
TXN0000262,ORD0000262,CUST047590,PROD04844,5,24175.43,UPI,Cancelled
TXN0000263,ORD0000263,CUST031555,PROD00723,5,17986.02,COD,Shipped
TXN0000264,ORD0000264,CUST032801,PROD04733,5,9959.93,COD,Shipped
TXN0000265,ORD0000265,CUST002907,PROD03069,5,11213.26,UPI,Cancelled
TXN0000266,ORD0000266,CUST047770,PROD02447,2,16254.52,UPI,Cancelled
TXN0000267,ORD0000267,CUST046226,PROD03656,3,25531.5,COD,Shipped
TXN0000268,ORD0000268,CUST017538,PROD03089,5,12183.87,COD,Delivered
TXN0000269,ORD0000269,CUST012176,PROD02556,2,56873.17,COD,Delivered
TXN0000270,ORD0000270,CUST047141,PROD00939,4,22487.35,UPI,Delivered
TXN0000271,ORD0000271,CUST008037,PROD03462,5,46725.91,Card,Shipped
TXN0000272,ORD0000272,CUST032894,PROD01107,3,5655.42,Card,Cancelled
TXN0000273,ORD0000273,CUST045676,PROD03041,2,44845.33,UPI,Delivered
TXN0000274,ORD0000274,CUST047767,PROD03871,2,55732.01,UPI,Cancelled
TXN0000275,ORD0000275,CUST043705,PROD00882,2,14038.17,Card,Cancelled
TXN0000276,ORD0000276,CUST036436,PROD03288,5,19618.93,COD,Cancelled
TXN0000277,ORD0000277,CUST029480,PROD00751,2,4663.59,COD,Delivered
TXN0000278,ORD0000278,CUST016991,PROD01673,3,30871.22,UPI,Shipped
TXN0000279,ORD0000279,CUST019018,PROD00197,4,13929.34,UPI,Delivered
TXN0000280,ORD0000280,CUST010807,PROD00717,2,2177.22,UPI,Returned
TXN0000281,ORD0000281,CUST045803,PROD04747,4,52036.42,Card,Cancelled
TXN0000282,ORD0000282,CUST045407,PROD01305,1,54400.12,UPI,Cancelled
TXN0000283,ORD0000283,CUST012503,PROD04387,5,27306.27,Card,Cancelled
TXN0000284,ORD0000284,CUST007765,PROD01360,2,8577.47,COD,Shipped
TXN0000285,ORD0000285,CUST046616,PROD04356,3,24381.46,COD,Shipped
TXN0000286,ORD0000286,CUST047974,PROD02983,2,2167.63,UPI,Shipped
TXN0000287,ORD0000287,CUST000288,PROD04080,3,19474.66,COD,Cancelled
TXN0000288,ORD0000288,CUST032397,PROD00245,5,642.79,COD,Delivered
TXN0000289,ORD0000289,CUST018786,PROD04654,3,4716.34,COD,Returned
TXN0000290,ORD0000290,CUST036666,PROD03190,4,7330.03,UPI,Cancelled
TXN0000291,ORD0000291,CUST019518,PROD03522,4,47374.07,COD,Cancelled
TXN0000292,ORD0000292,CUST042071,PROD03062,4,19293.66,Card,Cancelled
TXN0000293,ORD0000293,CUST012181,PROD03831,2,32284.17,UPI,Shipped
TXN0000294,ORD0000294,CUST024814,PROD03837,1,32178.37,Card,Shipped
TXN0000295,ORD0000295,CUST021569,PROD03861,3,24164.64,Card,Shipped
TXN0000296,ORD0000296,CUST039645,PROD01133,5,12424.34,UPI,Shipped
TXN0000297,ORD0000297,CUST041181,PROD03430,2,22926.78,COD,Delivered
TXN0000298,ORD0000298,CUST016699,PROD02110,5,2276.74,Card,Returned
TXN0000299,ORD0000299,CUST004231,PROD01360,4,53476.07,UPI,Delivered
TXN0000300,ORD0000300,CUST028211,PROD00406,4,7713.31,Card,Shipped
TXN0000301,ORD0000301,CUST046622,PROD02581,4,55540.62,COD,Delivered
TXN0000302,ORD0000302,CUST013247,PROD01077,2,6938.92,Card,Shipped
TXN0000303,ORD0000303,CUST004070,PROD00561,3,31961.89,Card,Returned
TXN0000304,ORD0000304,CUST031168,PROD02893,4,6322.59,COD,Returned
TXN0000305,ORD0000305,CUST040837,PROD01653,1,40081.9,COD,Delivered
TXN0000306,ORD0000306,CUST029339,PROD02918,4,41702.69,Card,Returned
TXN0000307,ORD0000307,CUST044671,PROD00641,1,36540.18,UPI,Shipped
TXN0000308,ORD0000308,CUST044470,PROD03237,5,53467.59,COD,Cancelled
TXN0000309,ORD0000309,CUST036755,PROD02361,2,16002.27,COD,Cancelled
TXN0000310,ORD0000310,CUST000085,PROD03063,2,50281.39,UPI,Delivered
TXN0000311,ORD0000311,CUST012446,PROD04408,3,784.82,COD,Shipped
TXN0000312,ORD0000312,CUST026792,PROD00945,1,39260,Card,Returned
TXN0000313,ORD0000313,CUST036592,PROD01263,3,16642.17,UPI,Cancelled
TXN0000314,ORD0000314,CUST014840,PROD01561,1,44379.36,UPI,Returned
TXN0000315,ORD0000315,CUST001273,PROD04952,4,51855.44,UPI,Delivered
TXN0000316,ORD0000316,CUST032327,PROD00578,3,3612.6,UPI,Returned
TXN0000317,ORD0000317,CUST015604,PROD04708,2,44064.56,UPI,Cancelled
TXN0000318,ORD0000318,CUST037497,PROD01355,3,33434.91,COD,Cancelled
TXN0000319,ORD0000319,CUST002859,PROD01987,5,1958.97,COD,Delivered
TXN0000320,ORD0000320,CUST027939,PROD02639,3,58140.75,COD,Returned
TXN0000321,ORD0000321,CUST034449,PROD04344,3,26749.48,COD,Delivered
TXN0000322,ORD0000322,CUST002294,PROD03867,4,18758.68,COD,Delivered
TXN0000323,ORD0000323,CUST001723,PROD04282,3,44265.18,UPI,Returned
TXN0000324,ORD0000324,CUST008740,PROD00888,5,38650.86,Card,Returned
TXN0000325,ORD0000325,CUST039596,PROD00939,2,17613.44,COD,Returned
TXN0000326,ORD0000326,CUST041760,PROD03581,4,4912.69,UPI,Shipped
TXN0000327,ORD0000327,CUST007609,PROD03390,4,53602.91,COD,Delivered
TXN0000328,ORD0000328,CUST017523,PROD04145,5,13040.63,COD,Shipped
TXN0000329,ORD0000329,CUST022776,PROD03584,2,29128.26,COD,Delivered
TXN0000330,ORD0000330,CUST027150,PROD01632,1,37431.87,COD,Shipped
TXN0000331,ORD0000331,CUST048946,PROD01087,1,8487.17,COD,Delivered
TXN0000332,ORD0000332,CUST013846,PROD00552,1,51251.04,UPI,Returned
TXN0000333,ORD0000333,CUST036674,PROD01311,1,2561.79,Card,Delivered
TXN0000334,ORD0000334,CUST016697,PROD03822,1,5038.19,Card,Cancelled
TXN0000335,ORD0000335,CUST031022,PROD01293,3,33165.59,Card,Delivered
TXN0000336,ORD0000336,CUST013368,PROD00968,5,54292.14,UPI,Cancelled
TXN0000337,ORD0000337,CUST034037,PROD02220,1,31820.11,COD,Shipped
TXN0000338,ORD0000338,CUST008063,PROD00925,4,27605.61,UPI,Returned
TXN0000339,ORD0000339,CUST004297,PROD04147,5,43826.1,COD,Shipped
TXN0000340,ORD0000340,CUST040581,PROD03382,3,28330.13,Card,Shipped
TXN0000341,ORD0000341,CUST031955,PROD03335,3,45374.22,COD,Cancelled
TXN0000342,ORD0000342,CUST027806,PROD03055,5,41330,COD,Returned
TXN0000343,ORD0000343,CUST000263,PROD03684,3,55748.72,UPI,Returned
TXN0000344,ORD0000344,CUST010613,PROD02923,4,41430.22,UPI,Shipped
TXN0000345,ORD0000345,CUST047070,PROD02130,3,37536.71,COD,Cancelled
TXN0000346,ORD0000346,CUST020329,PROD02805,2,16650.35,UPI,Delivered
TXN0000347,ORD0000347,CUST007094,PROD00318,5,7215.92,COD,Returned
TXN0000348,ORD0000348,CUST015465,PROD00405,2,31217.06,COD,Cancelled
TXN0000349,ORD0000349,CUST030326,PROD00696,2,29348.71,COD,Shipped
TXN0000350,ORD0000350,CUST005289,PROD03158,1,4516.46,COD,Delivered
TXN0000351,ORD0000351,CUST016266,PROD03628,1,54615.99,COD,Returned
TXN0000352,ORD0000352,CUST017585,PROD02465,2,40241.3,UPI,Returned
TXN0000353,ORD0000353,CUST038743,PROD01323,1,4252.56,UPI,Cancelled
TXN0000354,ORD0000354,CUST047835,PROD00115,2,32574.05,Card,Returned
TXN0000355,ORD0000355,CUST046237,PROD02277,3,33992.17,Card,Delivered
TXN0000356,ORD0000356,CUST047887,PROD04241,1,22729.04,UPI,Returned
TXN0000357,ORD0000357,CUST009486,PROD01484,1,43150.02,COD,Delivered
TXN0000358,ORD0000358,CUST006616,PROD01470,4,10518.06,Card,Cancelled
TXN0000359,ORD0000359,CUST032609,PROD02710,2,31892.77,COD,Cancelled
TXN0000360,ORD0000360,CUST004412,PROD04305,3,38175.65,COD,Shipped
TXN0000361,ORD0000361,CUST013946,PROD03810,1,51231.65,Card,Returned
TXN0000362,ORD0000362,CUST019368,PROD04998,4,8141.37,Card,Shipped
TXN0000363,ORD0000363,CUST025871,PROD02603,5,31242.46,Card,Delivered
TXN0000364,ORD0000364,CUST015857,PROD00529,2,53223.16,UPI,Delivered
TXN0000365,ORD0000365,CUST001868,PROD03990,1,991.79,Card,Cancelled
TXN0000366,ORD0000366,CUST003064,PROD02130,2,50712.72,Card,Cancelled
TXN0000367,ORD0000367,CUST010034,PROD02232,1,3141.34,COD,Cancelled
TXN0000368,ORD0000368,CUST042668,PROD04542,1,21536.8,UPI,Delivered
TXN0000369,ORD0000369,CUST018979,PROD04432,1,51397.19,Card,Shipped
TXN0000370,ORD0000370,CUST041852,PROD00788,1,930.1,UPI,Cancelled
TXN0000371,ORD0000371,CUST041035,PROD01206,3,55852.4,Card,Returned
TXN0000372,ORD0000372,CUST034433,PROD00162,3,27939.1,UPI,Cancelled
TXN0000373,ORD0000373,CUST006847,PROD00807,5,23335.72,Card,Shipped
TXN0000374,ORD0000374,CUST046644,PROD04767,3,46483.26,UPI,Returned
TXN0000375,ORD0000375,CUST033498,PROD02803,1,45684.71,UPI,Delivered
TXN0000376,ORD0000376,CUST042834,PROD01191,3,8911.11,Card,Returned
TXN0000377,ORD0000377,CUST009678,PROD04665,1,29499.15,Card,Shipped
TXN0000378,ORD0000378,CUST032094,PROD00663,3,25400.43,COD,Shipped
TXN0000379,ORD0000379,CUST013603,PROD02550,4,37109.42,Card,Cancelled
TXN0000380,ORD0000380,CUST023097,PROD00544,1,6583.24,UPI,Delivered
TXN0000381,ORD0000381,CUST046546,PROD03624,1,31708.99,Card,Cancelled
TXN0000382,ORD0000382,CUST025974,PROD01625,1,40739.57,Card,Returned
TXN0000383,ORD0000383,CUST016269,PROD00780,1,30364.18,Card,Returned
TXN0000384,ORD0000384,CUST032914,PROD02847,1,43930.75,UPI,Returned
TXN0000385,ORD0000385,CUST028258,PROD00220,2,7539.86,UPI,Delivered
TXN0000386,ORD0000386,CUST018725,PROD04607,2,10512.71,UPI,Returned
TXN0000387,ORD0000387,CUST037453,PROD01690,2,15972.69,COD,Cancelled
TXN0000388,ORD0000388,CUST013515,PROD01728,1,57291.71,COD,Delivered
TXN0000389,ORD0000389,CUST016937,PROD03548,1,39001.29,UPI,Shipped
TXN0000390,ORD0000390,CUST016880,PROD04817,5,54283.1,UPI,Shipped
TXN0000391,ORD0000391,CUST007418,PROD02370,5,41951.01,Card,Cancelled
TXN0000392,ORD0000392,CUST027345,PROD03835,4,12899.83,Card,Returned
TXN0000393,ORD0000393,CUST026211,PROD00772,2,43090.57,Card,Returned
TXN0000394,ORD0000394,CUST027611,PROD00688,5,22586.27,COD,Cancelled
TXN0000395,ORD0000395,CUST029944,PROD03232,2,58233.8,UPI,Shipped
TXN0000396,ORD0000396,CUST048173,PROD01190,5,1266.77,COD,Shipped
TXN0000397,ORD0000397,CUST032880,PROD02565,3,16680.19,Card,Shipped
TXN0000398,ORD0000398,CUST015403,PROD01064,1,32057.59,Card,Cancelled
TXN0000399,ORD0000399,CUST042441,PROD00970,3,36070.24,UPI,Returned
TXN0000400,ORD0000400,CUST038885,PROD03173,3,21395.2,COD,Returned
TXN0000401,ORD0000401,CUST036474,PROD03689,2,2908.89,COD,Shipped
TXN0000402,ORD0000402,CUST040633,PROD02023,5,31104.64,Card,Shipped
TXN0000403,ORD0000403,CUST017417,PROD00014,3,52296.26,COD,Delivered
TXN0000404,ORD0000404,CUST031224,PROD02110,2,29965.14,COD,Cancelled
TXN0000405,ORD0000405,CUST033279,PROD04012,1,20526.71,Card,Cancelled
TXN0000406,ORD0000406,CUST038050,PROD03450,3,46681.5,Card,Delivered
TXN0000407,ORD0000407,CUST009325,PROD03778,3,24325.66,UPI,Shipped
TXN0000408,ORD0000408,CUST044055,PROD01420,4,40753.61,Card,Returned
TXN0000409,ORD0000409,CUST032470,PROD00556,3,13723.43,COD,Returned
TXN0000410,ORD0000410,CUST025840,PROD02692,3,35774.03,COD,Returned
TXN0000411,ORD0000411,CUST027070,PROD02569,5,57704.39,COD,Shipped
TXN0000412,ORD0000412,CUST037942,PROD00942,5,27350.42,Card,Shipped
TXN0000413,ORD0000413,CUST028798,PROD03361,2,29159.36,COD,Shipped
TXN0000414,ORD0000414,CUST043433,PROD00725,4,44305.93,UPI,Delivered
TXN0000415,ORD0000415,CUST023640,PROD00812,5,23538.38,UPI,Returned
TXN0000416,ORD0000416,CUST013798,PROD02357,2,59432.65,COD,Cancelled
TXN0000417,ORD0000417,CUST015563,PROD03291,5,3322.84,UPI,Returned
TXN0000418,ORD0000418,CUST040548,PROD00820,5,15569.07,COD,Shipped
TXN0000419,ORD0000419,CUST014668,PROD02933,3,7507.96,COD,Returned
TXN0000420,ORD0000420,CUST046671,PROD04999,2,32512.21,COD,Shipped
TXN0000421,ORD0000421,CUST048842,PROD03654,3,11713.29,UPI,Returned
TXN0000422,ORD0000422,CUST015827,PROD04812,1,25738.02,Card,Delivered
TXN0000423,ORD0000423,CUST014842,PROD02094,5,37489.17,UPI,Cancelled
TXN0000424,ORD0000424,CUST048641,PROD04605,5,40129.09,COD,Delivered
TXN0000425,ORD0000425,CUST022433,PROD01445,2,22441.67,COD,Shipped
TXN0000426,ORD0000426,CUST021325,PROD01995,1,52852.48,Card,Returned
TXN0000427,ORD0000427,CUST035538,PROD01304,1,53164.16,Card,Shipped
TXN0000428,ORD0000428,CUST029248,PROD01637,1,45286.75,Card,Returned
TXN0000429,ORD0000429,CUST034145,PROD03967,1,4168.78,COD,Delivered
TXN0000430,ORD0000430,CUST015029,PROD03906,4,53590.13,Card,Shipped
TXN0000431,ORD0000431,CUST021331,PROD00699,5,14683.17,UPI,Delivered
TXN0000432,ORD0000432,CUST015490,PROD00567,4,5344.51,UPI,Shipped
TXN0000433,ORD0000433,CUST007718,PROD01566,5,20586.66,COD,Returned
TXN0000434,ORD0000434,CUST037003,PROD00087,5,56914.15,UPI,Cancelled
TXN0000435,ORD0000435,CUST044188,PROD04517,3,32215.09,COD,Cancelled
TXN0000436,ORD0000436,CUST016923,PROD01659,3,34896.17,UPI,Delivered
TXN0000437,ORD0000437,CUST035458,PROD02753,4,15767.19,COD,Cancelled
TXN0000438,ORD0000438,CUST023223,PROD04730,2,11114.75,COD,Shipped
TXN0000439,ORD0000439,CUST046183,PROD04031,1,52237.39,Card,Returned
TXN0000440,ORD0000440,CUST010756,PROD00389,1,2981.34,UPI,Cancelled
TXN0000441,ORD0000441,CUST005054,PROD04737,2,43275.66,UPI,Returned
TXN0000442,ORD0000442,CUST001662,PROD04773,4,8804.89,COD,Delivered
TXN0000443,ORD0000443,CUST048432,PROD01104,2,4506.84,Card,Returned
TXN0000444,ORD0000444,CUST019108,PROD03390,4,42948.08,UPI,Cancelled
TXN0000445,ORD0000445,CUST048552,PROD02195,2,53347.07,Card,Returned
TXN0000446,ORD0000446,CUST019512,PROD04398,1,12504.78,UPI,Cancelled
TXN0000447,ORD0000447,CUST007402,PROD01677,2,10273.64,COD,Cancelled
TXN0000448,ORD0000448,CUST015175,PROD00831,3,24764.95,COD,Shipped
TXN0000449,ORD0000449,CUST036545,PROD03713,5,34384.56,Card,Cancelled
TXN0000450,ORD0000450,CUST021431,PROD01522,2,57159.24,UPI,Cancelled
TXN0000451,ORD0000451,CUST039280,PROD02393,1,9954.46,UPI,Delivered
TXN0000452,ORD0000452,CUST032334,PROD02373,4,7269.97,Card,Delivered
TXN0000453,ORD0000453,CUST040451,PROD01059,1,31617.95,COD,Cancelled
TXN0000454,ORD0000454,CUST002860,PROD00850,3,46861.78,UPI,Delivered
TXN0000455,ORD0000455,CUST039495,PROD03696,4,50570.31,UPI,Returned
TXN0000456,ORD0000456,CUST005955,PROD04769,2,28170.96,UPI,Delivered
TXN0000457,ORD0000457,CUST040581,PROD02556,3,15964.32,COD,Cancelled
TXN0000458,ORD0000458,CUST023320,PROD01933,4,12183.44,UPI,Returned
TXN0000459,ORD0000459,CUST009283,PROD01806,2,10454.86,UPI,Shipped
TXN0000460,ORD0000460,CUST007562,PROD02287,3,41373.86,Card,Cancelled
TXN0000461,ORD0000461,CUST013260,PROD04157,5,36068.13,COD,Shipped
TXN0000462,ORD0000462,CUST011520,PROD00447,3,40269.29,COD,Shipped
TXN0000463,ORD0000463,CUST002363,PROD01906,5,23955.93,UPI,Delivered
TXN0000464,ORD0000464,CUST047226,PROD01806,4,43019.19,UPI,Delivered
TXN0000465,ORD0000465,CUST022131,PROD01914,4,22712.77,COD,Returned
TXN0000466,ORD0000466,CUST017057,PROD02355,3,47439.06,UPI,Delivered
TXN0000467,ORD0000467,CUST032182,PROD03377,2,34103.99,COD,Shipped
TXN0000468,ORD0000468,CUST037618,PROD00253,4,3433.29,UPI,Delivered
TXN0000469,ORD0000469,CUST012643,PROD01275,1,47081.56,Card,Delivered
TXN0000470,ORD0000470,CUST005326,PROD01794,4,4564.33,COD,Cancelled
TXN0000471,ORD0000471,CUST033829,PROD02650,2,59060.92,UPI,Cancelled
TXN0000472,ORD0000472,CUST004409,PROD01237,5,53603.92,Card,Cancelled
TXN0000473,ORD0000473,CUST039404,PROD04474,4,50909.57,COD,Cancelled
TXN0000474,ORD0000474,CUST004154,PROD01393,4,44725.17,UPI,Delivered
TXN0000475,ORD0000475,CUST044452,PROD00935,4,42969.11,Card,Delivered
TXN0000476,ORD0000476,CUST008543,PROD02617,1,31099.83,COD,Delivered
TXN0000477,ORD0000477,CUST011576,PROD04271,1,43915.6,COD,Cancelled
TXN0000478,ORD0000478,CUST041575,PROD02739,4,30255.04,Card,Returned
TXN0000479,ORD0000479,CUST041115,PROD00768,4,33172.09,UPI,Cancelled
TXN0000480,ORD0000480,CUST015129,PROD00036,3,49242.86,Card,Returned
TXN0000481,ORD0000481,CUST036961,PROD01585,2,30277.54,Card,Delivered
TXN0000482,ORD0000482,CUST043376,PROD02924,3,49456.08,UPI,Cancelled
TXN0000483,ORD0000483,CUST045560,PROD03662,5,48709.52,COD,Shipped
TXN0000484,ORD0000484,CUST031930,PROD04168,3,4335.97,UPI,Returned
TXN0000485,ORD0000485,CUST028236,PROD03979,5,32557.04,UPI,Shipped
TXN0000486,ORD0000486,CUST038961,PROD01081,3,12336.86,Card,Delivered
TXN0000487,ORD0000487,CUST014001,PROD00664,1,59666.29,UPI,Cancelled
TXN0000488,ORD0000488,CUST003193,PROD04076,2,57961.25,COD,Delivered
TXN0000489,ORD0000489,CUST018268,PROD00246,1,18466.62,COD,Delivered
TXN0000490,ORD0000490,CUST022594,PROD00420,4,34830.36,UPI,Returned
TXN0000491,ORD0000491,CUST012846,PROD03934,3,14700.21,COD,Shipped
TXN0000492,ORD0000492,CUST011513,PROD00592,4,36938.35,UPI,Shipped
TXN0000493,ORD0000493,CUST026217,PROD04624,5,50835.21,UPI,Delivered
TXN0000494,ORD0000494,CUST045427,PROD01396,1,43614.58,COD,Shipped
TXN0000495,ORD0000495,CUST027767,PROD04568,5,20720.5,COD,Cancelled
TXN0000496,ORD0000496,CUST043306,PROD04407,4,8638.95,Card,Delivered
TXN0000497,ORD0000497,CUST045966,PROD00243,2,1387.44,COD,Shipped
TXN0000498,ORD0000498,CUST049155,PROD02926,2,19960.51,Card,Returned
TXN0000499,ORD0000499,CUST049328,PROD00072,5,19850.19,COD,Returned
TXN0000500,ORD0000500,CUST001854,PROD03109,2,40693.85,Card,Delivered
TXN0000501,ORD0000501,CUST023193,PROD03252,3,14561.12,COD,Shipped
TXN0000502,ORD0000502,CUST029829,PROD02075,2,47710.57,Card,Cancelled
TXN0000503,ORD0000503,CUST044745,PROD02582,3,22509.49,COD,Shipped
TXN0000504,ORD0000504,CUST044670,PROD04201,3,40190.99,COD,Returned
TXN0000505,ORD0000505,CUST032657,PROD04362,1,4653.62,Card,Cancelled
TXN0000506,ORD0000506,CUST027901,PROD01398,1,29754.74,UPI,Shipped
TXN0000507,ORD0000507,CUST023090,PROD03074,1,53162.7,Card,Cancelled
TXN0000508,ORD0000508,CUST008679,PROD04630,3,41899.71,COD,Delivered
TXN0000509,ORD0000509,CUST036234,PROD00736,5,24923.74,UPI,Shipped
TXN0000510,ORD0000510,CUST013795,PROD02408,1,52038.03,Card,Delivered
TXN0000511,ORD0000511,CUST001840,PROD02543,5,38422.48,Card,Returned
TXN0000512,ORD0000512,CUST021912,PROD03713,5,21027.2,UPI,Returned
TXN0000513,ORD0000513,CUST000250,PROD02521,1,44448.43,Card,Shipped
TXN0000514,ORD0000514,CUST025739,PROD01312,3,28047.22,UPI,Cancelled
TXN0000515,ORD0000515,CUST049563,PROD04840,4,46333.89,Card,Delivered
TXN0000516,ORD0000516,CUST002592,PROD03201,3,2377.72,Card,Cancelled
TXN0000517,ORD0000517,CUST033026,PROD04948,5,53163.32,UPI,Shipped
TXN0000518,ORD0000518,CUST019843,PROD04418,2,25577.65,COD,Returned
TXN0000519,ORD0000519,CUST041317,PROD03342,3,20401.45,UPI,Returned
TXN0000520,ORD0000520,CUST001109,PROD04132,5,39228.7,COD,Cancelled
TXN0000521,ORD0000521,CUST032909,PROD00845,5,12099.13,UPI,Returned
TXN0000522,ORD0000522,CUST011223,PROD00698,4,1522.33,COD,Shipped
TXN0000523,ORD0000523,CUST026171,PROD01605,1,38622.7,UPI,Shipped
TXN0000524,ORD0000524,CUST013531,PROD00280,2,31688.12,Card,Shipped
TXN0000525,ORD0000525,CUST018305,PROD01242,2,15695.35,UPI,Delivered
TXN0000526,ORD0000526,CUST041924,PROD01473,4,22890.3,UPI,Returned
TXN0000527,ORD0000527,CUST010325,PROD03415,1,42611.05,UPI,Shipped
TXN0000528,ORD0000528,CUST032408,PROD00753,3,34918.06,UPI,Shipped
TXN0000529,ORD0000529,CUST002417,PROD01358,4,13031.82,COD,Shipped
TXN0000530,ORD0000530,CUST025047,PROD00580,3,39706.28,COD,Returned
TXN0000531,ORD0000531,CUST029249,PROD00479,3,11530.55,UPI,Shipped
TXN0000532,ORD0000532,CUST005908,PROD03397,4,14637.96,UPI,Shipped
TXN0000533,ORD0000533,CUST036063,PROD02082,5,51263.21,UPI,Delivered
TXN0000534,ORD0000534,CUST018683,PROD02543,3,13108.09,UPI,Returned
TXN0000535,ORD0000535,CUST025646,PROD04716,2,5748.3,Card,Shipped
TXN0000536,ORD0000536,CUST015239,PROD02956,5,38918.85,COD,Delivered
TXN0000537,ORD0000537,CUST039301,PROD03312,4,53066.02,UPI,Shipped
TXN0000538,ORD0000538,CUST026463,PROD03272,1,32478.02,UPI,Cancelled
TXN0000539,ORD0000539,CUST009230,PROD03565,2,32851.93,UPI,Delivered
TXN0000540,ORD0000540,CUST020161,PROD03273,5,38608.88,UPI,Returned
TXN0000541,ORD0000541,CUST047331,PROD03726,4,38606.04,UPI,Cancelled
TXN0000542,ORD0000542,CUST042993,PROD01915,4,11478.91,COD,Shipped
TXN0000543,ORD0000543,CUST014296,PROD04412,1,4521.35,Card,Shipped
TXN0000544,ORD0000544,CUST007258,PROD00297,3,57573.46,Card,Shipped
TXN0000545,ORD0000545,CUST026022,PROD03004,1,7949.41,Card,Delivered
TXN0000546,ORD0000546,CUST013428,PROD03323,5,15582.2,UPI,Shipped
TXN0000547,ORD0000547,CUST021730,PROD00655,2,58415.61,COD,Returned
TXN0000548,ORD0000548,CUST049295,PROD03284,2,15167.41,UPI,Delivered
TXN0000549,ORD0000549,CUST013227,PROD01162,4,4974.56,Card,Returned
TXN0000550,ORD0000550,CUST032036,PROD02923,3,14045.65,Card,Returned
TXN0000551,ORD0000551,CUST040148,PROD04548,5,910.5,COD,Delivered
TXN0000552,ORD0000552,CUST040978,PROD02351,4,53548.26,Card,Shipped
TXN0000553,ORD0000553,CUST015635,PROD00135,2,31777.06,COD,Delivered
TXN0000554,ORD0000554,CUST015942,PROD00734,3,5841.98,COD,Delivered
TXN0000555,ORD0000555,CUST039480,PROD01185,2,33754.31,COD,Returned
TXN0000556,ORD0000556,CUST018655,PROD01051,2,13424.23,Card,Shipped
TXN0000557,ORD0000557,CUST035245,PROD00166,4,35840.25,UPI,Returned
TXN0000558,ORD0000558,CUST002942,PROD03393,4,200.43,COD,Returned
TXN0000559,ORD0000559,CUST006460,PROD03215,1,15218.23,COD,Delivered
TXN0000560,ORD0000560,CUST016397,PROD00294,2,29891.38,UPI,Delivered
TXN0000561,ORD0000561,CUST027819,PROD02478,4,42593.83,COD,Shipped
TXN0000562,ORD0000562,CUST035284,PROD04261,5,7532.74,Card,Shipped
TXN0000563,ORD0000563,CUST009595,PROD00630,3,10989.57,Card,Cancelled
TXN0000564,ORD0000564,CUST030755,PROD03199,3,45698.37,UPI,Delivered
TXN0000565,ORD0000565,CUST029761,PROD03752,4,20362.52,UPI,Delivered
TXN0000566,ORD0000566,CUST028163,PROD01997,5,20692.64,COD,Shipped
TXN0000567,ORD0000567,CUST024884,PROD01856,5,37493.8,UPI,Returned
TXN0000568,ORD0000568,CUST039731,PROD01477,5,18558.15,Card,Returned
TXN0000569,ORD0000569,CUST047300,PROD00743,1,41422.59,Card,Returned
TXN0000570,ORD0000570,CUST026776,PROD03361,3,11495.71,COD,Delivered
TXN0000571,ORD0000571,CUST000189,PROD00413,2,55710.34,Card,Returned
TXN0000572,ORD0000572,CUST024241,PROD01011,4,59510.69,COD,Shipped
TXN0000573,ORD0000573,CUST037133,PROD00903,2,10449.63,Card,Returned
TXN0000574,ORD0000574,CUST034568,PROD04795,4,51239.36,COD,Delivered
TXN0000575,ORD0000575,CUST042765,PROD01561,2,10021.1,Card,Shipped
TXN0000576,ORD0000576,CUST032640,PROD04484,4,43209.71,COD,Shipped
TXN0000577,ORD0000577,CUST032022,PROD03857,4,8456.11,COD,Returned
TXN0000578,ORD0000578,CUST017027,PROD01193,5,2825.74,Card,Returned
TXN0000579,ORD0000579,CUST033251,PROD04059,5,23418.7,COD,Delivered
TXN0000580,ORD0000580,CUST010603,PROD01079,2,55015.99,COD,Shipped
TXN0000581,ORD0000581,CUST019659,PROD01958,1,49798.61,UPI,Cancelled
TXN0000582,ORD0000582,CUST047241,PROD01970,3,6213.92,COD,Returned
TXN0000583,ORD0000583,CUST032500,PROD00500,2,31136.03,UPI,Delivered
TXN0000584,ORD0000584,CUST000324,PROD04254,1,53939.39,Card,Shipped
TXN0000585,ORD0000585,CUST044912,PROD03673,3,25344.25,Card,Returned
TXN0000586,ORD0000586,CUST012685,PROD04531,5,20586.53,COD,Delivered
TXN0000587,ORD0000587,CUST048308,PROD02122,4,13545.46,UPI,Cancelled
TXN0000588,ORD0000588,CUST013341,PROD00224,4,19543.68,COD,Returned
TXN0000589,ORD0000589,CUST001663,PROD01482,2,9166.13,UPI,Delivered
TXN0000590,ORD0000590,CUST008224,PROD04860,1,37804.54,UPI,Cancelled
TXN0000591,ORD0000591,CUST010342,PROD04603,3,37526.83,UPI,Delivered
TXN0000592,ORD0000592,CUST043510,PROD02870,1,40612.46,COD,Cancelled
TXN0000593,ORD0000593,CUST021872,PROD04973,3,43103.24,COD,Returned
TXN0000594,ORD0000594,CUST014751,PROD04211,4,32045.4,UPI,Shipped
TXN0000595,ORD0000595,CUST016044,PROD04637,4,25808.53,COD,Returned
TXN0000596,ORD0000596,CUST024206,PROD04985,4,33939.34,UPI,Delivered
TXN0000597,ORD0000597,CUST010304,PROD02037,4,43599.4,Card,Shipped
TXN0000598,ORD0000598,CUST036601,PROD00793,4,46071.85,COD,Returned
TXN0000599,ORD0000599,CUST003659,PROD04156,2,20741.45,UPI,Shipped
TXN0000600,ORD0000600,CUST048817,PROD04431,1,51346.43,UPI,Returned
TXN0000601,ORD0000601,CUST027645,PROD01758,2,35639.05,Card,Shipped
TXN0000602,ORD0000602,CUST031031,PROD04636,2,28195.99,UPI,Shipped
TXN0000603,ORD0000603,CUST010060,PROD01919,2,4746.89,UPI,Delivered
TXN0000604,ORD0000604,CUST035367,PROD00843,1,33416.61,COD,Returned
TXN0000605,ORD0000605,CUST049328,PROD04266,4,17441.67,UPI,Returned
TXN0000606,ORD0000606,CUST048143,PROD04653,4,17122.42,COD,Shipped
TXN0000607,ORD0000607,CUST016951,PROD00646,1,49061.13,Card,Delivered
TXN0000608,ORD0000608,CUST036861,PROD03386,2,2698.16,COD,Returned
TXN0000609,ORD0000609,CUST043932,PROD03012,1,49298.61,Card,Cancelled
TXN0000610,ORD0000610,CUST036833,PROD00967,2,21649.76,UPI,Shipped
TXN0000611,ORD0000611,CUST009805,PROD00586,1,15794.86,Card,Returned
TXN0000612,ORD0000612,CUST046938,PROD04091,1,33224.54,COD,Returned
TXN0000613,ORD0000613,CUST033076,PROD04167,2,16623.39,Card,Delivered
TXN0000614,ORD0000614,CUST007070,PROD04334,4,24135.63,UPI,Shipped
TXN0000615,ORD0000615,CUST012720,PROD04072,4,39371.06,COD,Delivered
TXN0000616,ORD0000616,CUST031334,PROD04934,4,31356.05,Card,Returned
TXN0000617,ORD0000617,CUST026262,PROD00205,4,20219.25,Card,Returned
TXN0000618,ORD0000618,CUST015126,PROD01817,5,35043.36,COD,Shipped
TXN0000619,ORD0000619,CUST028990,PROD03848,2,1534.84,UPI,Delivered
TXN0000620,ORD0000620,CUST027738,PROD03479,2,13258.45,COD,Returned
TXN0000621,ORD0000621,CUST037828,PROD04986,1,32649.37,COD,Cancelled
TXN0000622,ORD0000622,CUST003455,PROD01386,3,11177.01,UPI,Delivered
TXN0000623,ORD0000623,CUST036632,PROD03426,2,24215.32,COD,Cancelled
TXN0000624,ORD0000624,CUST019293,PROD04764,3,34242.5,COD,Delivered
TXN0000625,ORD0000625,CUST043084,PROD00647,1,5798.74,Card,Delivered
TXN0000626,ORD0000626,CUST034094,PROD03633,4,38994.34,COD,Delivered
TXN0000627,ORD0000627,CUST022843,PROD03904,3,14683.59,COD,Returned
TXN0000628,ORD0000628,CUST005133,PROD02442,2,30714.6,UPI,Delivered
TXN0000629,ORD0000629,CUST001560,PROD00510,5,32628.75,Card,Cancelled
TXN0000630,ORD0000630,CUST025553,PROD02980,3,42802.94,COD,Delivered
TXN0000631,ORD0000631,CUST027617,PROD00829,1,26254.47,Card,Returned
TXN0000632,ORD0000632,CUST031126,PROD00910,5,19282.84,UPI,Shipped
TXN0000633,ORD0000633,CUST036795,PROD03739,4,39100.14,COD,Shipped
TXN0000634,ORD0000634,CUST022806,PROD02172,3,55202.69,COD,Returned
TXN0000635,ORD0000635,CUST014630,PROD00303,1,29644.73,COD,Shipped
TXN0000636,ORD0000636,CUST027837,PROD01098,1,7099.34,COD,Delivered
TXN0000637,ORD0000637,CUST041210,PROD02513,3,1627.04,UPI,Delivered
TXN0000638,ORD0000638,CUST009861,PROD04182,3,3699.52,UPI,Shipped
TXN0000639,ORD0000639,CUST027701,PROD03206,5,48955.1,UPI,Cancelled
TXN0000640,ORD0000640,CUST033756,PROD04734,2,47893.96,UPI,Returned
TXN0000641,ORD0000641,CUST016642,PROD01595,5,25756.25,COD,Delivered
TXN0000642,ORD0000642,CUST048562,PROD00899,3,43305.99,Card,Returned
TXN0000643,ORD0000643,CUST013926,PROD01617,2,4314.88,Card,Returned
TXN0000644,ORD0000644,CUST022674,PROD03779,2,6071.58,COD,Cancelled
TXN0000645,ORD0000645,CUST039020,PROD04779,1,49932.05,UPI,Returned
TXN0000646,ORD0000646,CUST023851,PROD03485,4,31986.2,COD,Shipped
TXN0000647,ORD0000647,CUST030138,PROD00956,1,19969.43,COD,Shipped
TXN0000648,ORD0000648,CUST030528,PROD04495,5,1746.77,Card,Returned
TXN0000649,ORD0000649,CUST013596,PROD04608,4,2098.53,COD,Delivered
TXN0000650,ORD0000650,CUST009721,PROD02506,4,34812.29,Card,Returned
TXN0000651,ORD0000651,CUST033684,PROD01230,5,44177.66,Card,Returned
TXN0000652,ORD0000652,CUST019123,PROD03608,2,55854.7,Card,Returned
TXN0000653,ORD0000653,CUST035642,PROD01221,2,32286.7,Card,Delivered
TXN0000654,ORD0000654,CUST007302,PROD01806,1,28331.5,Card,Returned
TXN0000655,ORD0000655,CUST023603,PROD02713,1,57717.33,Card,Cancelled
TXN0000656,ORD0000656,CUST014932,PROD01999,5,21061.23,Card,Cancelled
TXN0000657,ORD0000657,CUST009001,PROD02055,5,4959.48,COD,Delivered
TXN0000658,ORD0000658,CUST009077,PROD04909,5,32559.78,Card,Delivered
TXN0000659,ORD0000659,CUST017478,PROD04179,4,22988.15,UPI,Returned
TXN0000660,ORD0000660,CUST041368,PROD01167,3,51365.66,UPI,Shipped
TXN0000661,ORD0000661,CUST022892,PROD01576,3,34047.27,COD,Delivered
TXN0000662,ORD0000662,CUST023383,PROD00680,3,15168.75,UPI,Shipped
TXN0000663,ORD0000663,CUST039694,PROD02648,2,58516.26,COD,Delivered
TXN0000664,ORD0000664,CUST019695,PROD01649,1,17393.69,COD,Cancelled
TXN0000665,ORD0000665,CUST038938,PROD00225,2,12803.23,Card,Shipped
TXN0000666,ORD0000666,CUST005180,PROD02381,3,35906.8,Card,Returned
TXN0000667,ORD0000667,CUST013190,PROD00837,1,39572.51,UPI,Delivered
TXN0000668,ORD0000668,CUST004510,PROD03692,1,54092.53,UPI,Returned
TXN0000669,ORD0000669,CUST036824,PROD03983,5,11630.45,COD,Cancelled
TXN0000670,ORD0000670,CUST040430,PROD00652,5,11572.1,Card,Shipped
TXN0000671,ORD0000671,CUST018041,PROD04580,2,37693.08,UPI,Returned
TXN0000672,ORD0000672,CUST021459,PROD01159,3,23983.91,UPI,Returned
TXN0000673,ORD0000673,CUST022035,PROD04598,3,9412.21,Card,Returned
TXN0000674,ORD0000674,CUST012216,PROD00060,4,15257.9,Card,Shipped
TXN0000675,ORD0000675,CUST007433,PROD01654,1,31405.95,UPI,Shipped
TXN0000676,ORD0000676,CUST041306,PROD01843,1,36332.74,COD,Delivered
TXN0000677,ORD0000677,CUST029399,PROD04769,5,38412.15,COD,Shipped
TXN0000678,ORD0000678,CUST047531,PROD03064,1,32248.57,Card,Delivered
TXN0000679,ORD0000679,CUST020853,PROD04138,5,22624.96,COD,Shipped
TXN0000680,ORD0000680,CUST022629,PROD01311,4,29883.52,COD,Shipped
TXN0000681,ORD0000681,CUST034682,PROD01782,2,39087.9,UPI,Shipped
TXN0000682,ORD0000682,CUST017197,PROD00723,4,6319.86,UPI,Delivered
TXN0000683,ORD0000683,CUST030417,PROD00179,2,33696.7,UPI,Cancelled
TXN0000684,ORD0000684,CUST033795,PROD00884,2,18447.67,Card,Delivered
TXN0000685,ORD0000685,CUST044384,PROD04304,4,35174.37,COD,Cancelled
TXN0000686,ORD0000686,CUST044917,PROD03224,2,12986.17,Card,Shipped
TXN0000687,ORD0000687,CUST044495,PROD04985,4,8900.52,UPI,Delivered
TXN0000688,ORD0000688,CUST013177,PROD00362,4,44806.7,COD,Shipped
TXN0000689,ORD0000689,CUST043463,PROD01897,5,34171.53,UPI,Cancelled
TXN0000690,ORD0000690,CUST005830,PROD00201,1,10710.17,UPI,Cancelled
TXN0000691,ORD0000691,CUST047561,PROD01481,1,52106.55,COD,Returned
TXN0000692,ORD0000692,CUST021886,PROD03168,4,37947.7,UPI,Cancelled
TXN0000693,ORD0000693,CUST015862,PROD03720,2,6023.89,COD,Returned
TXN0000694,ORD0000694,CUST000811,PROD00396,2,33239.98,UPI,Cancelled
TXN0000695,ORD0000695,CUST000301,PROD02966,5,42324.94,Card,Cancelled
TXN0000696,ORD0000696,CUST033112,PROD04760,1,58958.45,Card,Cancelled
TXN0000697,ORD0000697,CUST049033,PROD00572,4,26196.07,Card,Delivered
TXN0000698,ORD0000698,CUST039672,PROD01376,5,26443.46,COD,Shipped
TXN0000699,ORD0000699,CUST035973,PROD03976,2,27500.12,Card,Delivered
TXN0000700,ORD0000700,CUST043458,PROD02869,4,8449.8,UPI,Returned
TXN0000701,ORD0000701,CUST024939,PROD04634,2,36928.77,COD,Returned
TXN0000702,ORD0000702,CUST041855,PROD04660,5,51057.78,Card,Returned
TXN0000703,ORD0000703,CUST020653,PROD04161,5,20115.54,UPI,Shipped
TXN0000704,ORD0000704,CUST008797,PROD03014,2,39855.45,Card,Returned
TXN0000705,ORD0000705,CUST005006,PROD01438,4,33960.23,COD,Delivered
TXN0000706,ORD0000706,CUST018698,PROD00990,2,18013.13,UPI,Shipped
TXN0000707,ORD0000707,CUST019332,PROD00333,2,50074.23,UPI,Returned
TXN0000708,ORD0000708,CUST010861,PROD00748,1,13090.22,Card,Shipped
TXN0000709,ORD0000709,CUST048479,PROD00766,3,34319.64,COD,Returned
TXN0000710,ORD0000710,CUST006367,PROD03906,5,55365.85,UPI,Cancelled
TXN0000711,ORD0000711,CUST004783,PROD04559,3,24194.46,Card,Returned
TXN0000712,ORD0000712,CUST000010,PROD04604,4,40234.93,Card,Shipped
TXN0000713,ORD0000713,CUST024258,PROD03603,5,25539.82,Card,Delivered
TXN0000714,ORD0000714,CUST002556,PROD03925,2,45404.28,Card,Delivered
TXN0000715,ORD0000715,CUST027000,PROD01445,3,37021.97,Card,Cancelled
TXN0000716,ORD0000716,CUST017042,PROD04088,5,40260.38,Card,Delivered
TXN0000717,ORD0000717,CUST045696,PROD00148,2,46558.92,COD,Shipped
TXN0000718,ORD0000718,CUST001182,PROD03596,1,11524.67,Card,Cancelled
TXN0000719,ORD0000719,CUST034968,PROD00018,4,9928.44,COD,Returned
TXN0000720,ORD0000720,CUST026780,PROD00822,4,36407.02,Card,Returned
TXN0000721,ORD0000721,CUST001608,PROD03205,1,55149.75,Card,Delivered
TXN0000722,ORD0000722,CUST032238,PROD00289,3,9527.68,Card,Delivered
TXN0000723,ORD0000723,CUST022899,PROD01266,4,14021.94,Card,Shipped
TXN0000724,ORD0000724,CUST008077,PROD04124,1,32133.34,COD,Returned
TXN0000725,ORD0000725,CUST035157,PROD02220,1,37702.63,Card,Cancelled
TXN0000726,ORD0000726,CUST038172,PROD04214,4,44438.49,COD,Delivered
TXN0000727,ORD0000727,CUST027946,PROD03704,4,8326.2,UPI,Shipped
TXN0000728,ORD0000728,CUST034353,PROD00996,5,31269.68,COD,Cancelled
TXN0000729,ORD0000729,CUST023950,PROD04727,4,11284.17,Card,Cancelled
TXN0000730,ORD0000730,CUST016278,PROD01610,5,4787.99,UPI,Cancelled
TXN0000731,ORD0000731,CUST019224,PROD04146,5,52798.98,COD,Cancelled
TXN0000732,ORD0000732,CUST026393,PROD00873,2,47630.17,UPI,Shipped
TXN0000733,ORD0000733,CUST013238,PROD00763,3,14897.15,COD,Delivered
TXN0000734,ORD0000734,CUST027156,PROD00135,4,43238.13,Card,Returned
TXN0000735,ORD0000735,CUST014025,PROD02061,2,23110.75,COD,Returned
TXN0000736,ORD0000736,CUST031344,PROD01626,3,25161.13,Card,Delivered
TXN0000737,ORD0000737,CUST042758,PROD04374,5,20832.7,Card,Returned
TXN0000738,ORD0000738,CUST041260,PROD03566,4,29432.86,Card,Returned
TXN0000739,ORD0000739,CUST007924,PROD04811,5,27470.29,Card,Returned
TXN0000740,ORD0000740,CUST003196,PROD01002,5,50315.06,UPI,Returned
TXN0000741,ORD0000741,CUST006663,PROD00962,2,50371.55,UPI,Shipped
TXN0000742,ORD0000742,CUST043683,PROD02136,2,34363.87,UPI,Cancelled
TXN0000743,ORD0000743,CUST022623,PROD03851,3,21127.4,Card,Cancelled
TXN0000744,ORD0000744,CUST033945,PROD03587,1,7092.48,Card,Shipped
TXN0000745,ORD0000745,CUST010699,PROD00456,4,25033.62,UPI,Delivered
TXN0000746,ORD0000746,CUST007476,PROD02947,1,49776.11,Card,Shipped
TXN0000747,ORD0000747,CUST042980,PROD02096,4,19067.47,UPI,Delivered
TXN0000748,ORD0000748,CUST044737,PROD04260,2,54815.82,Card,Delivered
TXN0000749,ORD0000749,CUST012591,PROD04322,4,35826.54,UPI,Shipped
TXN0000750,ORD0000750,CUST031084,PROD02927,2,2313.41,COD,Returned
TXN0000751,ORD0000751,CUST042464,PROD01569,5,40709.9,UPI,Returned
TXN0000752,ORD0000752,CUST029005,PROD03218,2,25761.99,Card,Shipped
TXN0000753,ORD0000753,CUST003345,PROD02918,3,16164.77,COD,Shipped
TXN0000754,ORD0000754,CUST032497,PROD01488,4,17620.57,UPI,Delivered
TXN0000755,ORD0000755,CUST039921,PROD04197,4,58645.49,COD,Cancelled
TXN0000756,ORD0000756,CUST030520,PROD04228,1,36562.36,Card,Cancelled
TXN0000757,ORD0000757,CUST005115,PROD04175,1,35013.02,COD,Returned
TXN0000758,ORD0000758,CUST035678,PROD02818,3,42886.51,COD,Delivered
TXN0000759,ORD0000759,CUST048016,PROD01375,4,36606.72,COD,Shipped
TXN0000760,ORD0000760,CUST023183,PROD02713,5,10794.08,Card,Delivered
TXN0000761,ORD0000761,CUST003456,PROD04189,2,4924.55,Card,Shipped
TXN0000762,ORD0000762,CUST038271,PROD02914,2,15627.88,Card,Returned
TXN0000763,ORD0000763,CUST037473,PROD03337,4,59828.33,COD,Shipped
TXN0000764,ORD0000764,CUST010155,PROD04392,2,47246.15,UPI,Cancelled
TXN0000765,ORD0000765,CUST030364,PROD03309,1,46545.51,Card,Returned
TXN0000766,ORD0000766,CUST033363,PROD03506,4,3516.47,COD,Delivered
TXN0000767,ORD0000767,CUST040104,PROD00076,1,56802,UPI,Shipped
TXN0000768,ORD0000768,CUST020955,PROD02184,5,54651.93,UPI,Delivered
TXN0000769,ORD0000769,CUST025864,PROD00024,5,34832.25,COD,Returned
TXN0000770,ORD0000770,CUST028111,PROD04957,4,3644.47,UPI,Delivered
TXN0000771,ORD0000771,CUST049564,PROD04149,3,58990.01,UPI,Shipped
TXN0000772,ORD0000772,CUST015599,PROD00928,2,14251.85,COD,Returned
TXN0000773,ORD0000773,CUST033259,PROD04872,3,17044.68,Card,Returned
TXN0000774,ORD0000774,CUST033738,PROD01898,4,4370.95,UPI,Shipped
TXN0000775,ORD0000775,CUST019688,PROD01205,4,38347.03,UPI,Shipped
TXN0000776,ORD0000776,CUST012188,PROD00220,4,45078.97,COD,Cancelled
TXN0000777,ORD0000777,CUST023829,PROD04316,5,30492.89,UPI,Returned
TXN0000778,ORD0000778,CUST004343,PROD00856,4,32737.12,Card,Cancelled
TXN0000779,ORD0000779,CUST017059,PROD02122,1,54916.33,COD,Delivered
TXN0000780,ORD0000780,CUST030501,PROD02806,1,56600.93,UPI,Returned
TXN0000781,ORD0000781,CUST033409,PROD03741,3,43295.07,UPI,Shipped
TXN0000782,ORD0000782,CUST036004,PROD02198,2,11868.14,UPI,Returned
TXN0000783,ORD0000783,CUST027452,PROD02094,4,24293.87,COD,Shipped
TXN0000784,ORD0000784,CUST044345,PROD01011,2,32551.3,COD,Returned
TXN0000785,ORD0000785,CUST015599,PROD04766,1,25009.83,Card,Shipped
TXN0000786,ORD0000786,CUST017010,PROD02355,1,54420.21,UPI,Shipped
TXN0000787,ORD0000787,CUST013925,PROD00738,5,59879.01,Card,Returned
TXN0000788,ORD0000788,CUST039342,PROD03653,4,57371.71,COD,Cancelled
TXN0000789,ORD0000789,CUST012181,PROD03003,1,43346.85,COD,Delivered
TXN0000790,ORD0000790,CUST030959,PROD00392,2,58596.43,Card,Returned
TXN0000791,ORD0000791,CUST045922,PROD02971,5,42313.68,Card,Cancelled
TXN0000792,ORD0000792,CUST049403,PROD02740,3,2263.79,UPI,Returned
TXN0000793,ORD0000793,CUST010910,PROD02957,3,15648.74,Card,Cancelled
TXN0000794,ORD0000794,CUST011012,PROD01223,4,11313.48,Card,Delivered
TXN0000795,ORD0000795,CUST033622,PROD03099,3,56294.19,Card,Shipped
TXN0000796,ORD0000796,CUST019290,PROD00691,4,15961.24,UPI,Shipped
TXN0000797,ORD0000797,CUST012329,PROD03116,4,1650.18,COD,Delivered
TXN0000798,ORD0000798,CUST038142,PROD03179,3,17837.54,COD,Shipped
TXN0000799,ORD0000799,CUST003385,PROD00818,1,57499.41,COD,Returned
TXN0000800,ORD0000800,CUST012953,PROD04727,5,48890.3,Card,Returned
TXN0000801,ORD0000801,CUST005209,PROD03358,4,49181.28,COD,Returned
TXN0000802,ORD0000802,CUST007747,PROD02943,3,35434.56,Card,Cancelled
TXN0000803,ORD0000803,CUST003388,PROD01348,5,18957.46,UPI,Returned
TXN0000804,ORD0000804,CUST026059,PROD04738,3,55933.65,COD,Cancelled
TXN0000805,ORD0000805,CUST009338,PROD01156,3,11835.65,UPI,Returned
TXN0000806,ORD0000806,CUST049933,PROD00013,1,15048.05,COD,Shipped
TXN0000807,ORD0000807,CUST024373,PROD02752,4,50484.43,Card,Delivered
TXN0000808,ORD0000808,CUST005800,PROD00492,4,55101.73,COD,Returned
TXN0000809,ORD0000809,CUST014271,PROD02525,4,26879.5,COD,Cancelled
TXN0000810,ORD0000810,CUST014479,PROD01469,1,35194.38,Card,Shipped
TXN0000811,ORD0000811,CUST039461,PROD00954,1,658.81,COD,Delivered
TXN0000812,ORD0000812,CUST033400,PROD01558,2,8898.78,COD,Returned
TXN0000813,ORD0000813,CUST026502,PROD02324,5,52691.33,Card,Cancelled
TXN0000814,ORD0000814,CUST020491,PROD02323,2,49959.03,Card,Cancelled
TXN0000815,ORD0000815,CUST008675,PROD00839,2,13692.68,Card,Shipped
TXN0000816,ORD0000816,CUST004349,PROD02599,2,48239.55,UPI,Cancelled
TXN0000817,ORD0000817,CUST014889,PROD03419,3,26144.35,UPI,Delivered
TXN0000818,ORD0000818,CUST033888,PROD04877,2,9290.64,COD,Returned
TXN0000819,ORD0000819,CUST023941,PROD02809,5,18636.53,UPI,Cancelled
TXN0000820,ORD0000820,CUST039814,PROD04190,1,823.91,Card,Delivered
TXN0000821,ORD0000821,CUST008024,PROD03126,3,28084.71,Card,Delivered
TXN0000822,ORD0000822,CUST015706,PROD04446,2,9727.98,Card,Delivered
TXN0000823,ORD0000823,CUST004871,PROD00472,3,22165.41,UPI,Delivered
TXN0000824,ORD0000824,CUST003948,PROD00531,1,38782.74,COD,Shipped
TXN0000825,ORD0000825,CUST019718,PROD02395,5,20064.96,UPI,Delivered
TXN0000826,ORD0000826,CUST037157,PROD03863,3,26725.08,UPI,Cancelled
TXN0000827,ORD0000827,CUST021567,PROD04963,3,43461.48,UPI,Returned
TXN0000828,ORD0000828,CUST013579,PROD04026,3,39360.06,COD,Shipped
TXN0000829,ORD0000829,CUST004220,PROD03645,4,38560.86,COD,Shipped
TXN0000830,ORD0000830,CUST033757,PROD04401,4,55863.35,Card,Delivered
TXN0000831,ORD0000831,CUST027915,PROD04634,5,9220.53,COD,Shipped
TXN0000832,ORD0000832,CUST038879,PROD03438,1,25980.29,COD,Returned
TXN0000833,ORD0000833,CUST035532,PROD01224,5,25203.83,Card,Delivered
TXN0000834,ORD0000834,CUST031496,PROD03335,4,41045.28,Card,Shipped
TXN0000835,ORD0000835,CUST033529,PROD02747,2,35354.69,UPI,Cancelled
TXN0000836,ORD0000836,CUST026822,PROD00355,2,57333.21,Card,Cancelled
TXN0000837,ORD0000837,CUST041565,PROD01392,1,22147.33,COD,Cancelled
TXN0000838,ORD0000838,CUST023051,PROD03742,3,55303.18,UPI,Cancelled
TXN0000839,ORD0000839,CUST022126,PROD04726,5,52356.69,COD,Shipped
TXN0000840,ORD0000840,CUST047291,PROD00923,3,55382.03,UPI,Cancelled
TXN0000841,ORD0000841,CUST015433,PROD00521,4,11780.78,Card,Returned
TXN0000842,ORD0000842,CUST001714,PROD03002,5,3649.03,Card,Shipped
TXN0000843,ORD0000843,CUST032606,PROD02957,4,59402.71,UPI,Shipped
TXN0000844,ORD0000844,CUST029468,PROD01179,2,49979.75,UPI,Delivered
TXN0000845,ORD0000845,CUST010392,PROD02551,1,33792.02,COD,Cancelled
TXN0000846,ORD0000846,CUST033822,PROD04982,1,28827.27,Card,Cancelled
TXN0000847,ORD0000847,CUST013173,PROD02457,4,51276.06,COD,Returned
TXN0000848,ORD0000848,CUST038972,PROD01981,1,31161.07,Card,Cancelled
TXN0000849,ORD0000849,CUST021372,PROD02980,2,14889.93,Card,Delivered
TXN0000850,ORD0000850,CUST037453,PROD03031,5,35525.25,Card,Shipped
TXN0000851,ORD0000851,CUST035545,PROD02110,2,34574.47,COD,Cancelled
TXN0000852,ORD0000852,CUST002496,PROD00503,5,32348.98,UPI,Delivered
TXN0000853,ORD0000853,CUST031993,PROD03756,5,52757.32,Card,Cancelled
TXN0000854,ORD0000854,CUST029507,PROD02820,4,21201.18,UPI,Cancelled
TXN0000855,ORD0000855,CUST039039,PROD00092,4,49589.08,UPI,Shipped
TXN0000856,ORD0000856,CUST036571,PROD03276,3,14459.07,UPI,Cancelled
TXN0000857,ORD0000857,CUST029058,PROD02412,4,35334.77,Card,Delivered
TXN0000858,ORD0000858,CUST032003,PROD01631,5,18289.4,Card,Delivered
TXN0000859,ORD0000859,CUST038721,PROD02844,2,21113.54,COD,Delivered
TXN0000860,ORD0000860,CUST001392,PROD03406,3,7842.93,UPI,Shipped
TXN0000861,ORD0000861,CUST016049,PROD02080,1,22929.84,Card,Shipped
TXN0000862,ORD0000862,CUST010455,PROD01507,4,59210.71,Card,Delivered
TXN0000863,ORD0000863,CUST032152,PROD02628,2,16489.05,Card,Shipped
TXN0000864,ORD0000864,CUST044920,PROD03629,5,19671.74,COD,Cancelled
TXN0000865,ORD0000865,CUST029884,PROD00833,4,48051.58,Card,Shipped
TXN0000866,ORD0000866,CUST021590,PROD03958,5,40279.92,Card,Shipped
TXN0000867,ORD0000867,CUST014766,PROD00120,1,1690.36,Card,Shipped
TXN0000868,ORD0000868,CUST034710,PROD03814,5,5797.57,UPI,Shipped
TXN0000869,ORD0000869,CUST004566,PROD02424,2,6778.64,UPI,Shipped
TXN0000870,ORD0000870,CUST003869,PROD02950,5,58766.98,COD,Cancelled
TXN0000871,ORD0000871,CUST030551,PROD02734,2,34454.5,UPI,Cancelled
TXN0000872,ORD0000872,CUST031611,PROD00594,1,21144.31,COD,Returned
TXN0000873,ORD0000873,CUST034195,PROD03494,5,22728.92,UPI,Returned
TXN0000874,ORD0000874,CUST021229,PROD01003,1,37686.61,Card,Cancelled
TXN0000875,ORD0000875,CUST009741,PROD02460,1,41086.22,COD,Returned
TXN0000876,ORD0000876,CUST011684,PROD03900,2,41618.84,COD,Returned
TXN0000877,ORD0000877,CUST049786,PROD01672,1,25093.62,Card,Delivered
TXN0000878,ORD0000878,CUST014455,PROD02158,2,31475.14,COD,Delivered
TXN0000879,ORD0000879,CUST008989,PROD02548,4,17742.38,COD,Delivered
TXN0000880,ORD0000880,CUST043262,PROD04783,5,25371.22,COD,Cancelled
TXN0000881,ORD0000881,CUST011320,PROD01233,2,5821.98,UPI,Delivered
TXN0000882,ORD0000882,CUST028479,PROD00044,1,6872.91,Card,Shipped
TXN0000883,ORD0000883,CUST004579,PROD04288,1,14205.44,Card,Cancelled
TXN0000884,ORD0000884,CUST025198,PROD01875,3,58478.77,UPI,Delivered
TXN0000885,ORD0000885,CUST000010,PROD01654,4,51604.97,UPI,Delivered
TXN0000886,ORD0000886,CUST011746,PROD01492,4,30856.02,COD,Delivered
TXN0000887,ORD0000887,CUST043586,PROD03833,5,52511.06,UPI,Returned
TXN0000888,ORD0000888,CUST020877,PROD00815,1,7506.86,Card,Delivered
TXN0000889,ORD0000889,CUST031761,PROD04798,5,2437.4,Card,Shipped
TXN0000890,ORD0000890,CUST034098,PROD02806,1,11070.23,COD,Delivered
TXN0000891,ORD0000891,CUST012731,PROD00868,1,36058.59,COD,Returned
TXN0000892,ORD0000892,CUST004154,PROD01184,1,59978.15,UPI,Returned
TXN0000893,ORD0000893,CUST031547,PROD01069,3,131.47,COD,Cancelled
TXN0000894,ORD0000894,CUST026237,PROD04793,2,2651.4,UPI,Cancelled
TXN0000895,ORD0000895,CUST026523,PROD01762,2,54829.07,COD,Shipped
TXN0000896,ORD0000896,CUST020188,PROD04637,4,55923.32,UPI,Returned
TXN0000897,ORD0000897,CUST047554,PROD03198,4,46949.3,COD,Shipped
TXN0000898,ORD0000898,CUST048491,PROD01234,2,34249.33,UPI,Returned
TXN0000899,ORD0000899,CUST001376,PROD03870,5,52500.9,Card,Cancelled
TXN0000900,ORD0000900,CUST021838,PROD02594,2,56413.69,Card,Returned
TXN0000901,ORD0000901,CUST047453,PROD04791,2,48204.94,Card,Shipped
TXN0000902,ORD0000902,CUST018787,PROD04540,2,59826.67,COD,Returned
TXN0000903,ORD0000903,CUST001835,PROD01742,5,56868.42,COD,Shipped
TXN0000904,ORD0000904,CUST011634,PROD01199,5,29431.11,Card,Delivered
TXN0000905,ORD0000905,CUST030823,PROD03608,5,43775.18,UPI,Delivered
TXN0000906,ORD0000906,CUST018116,PROD01925,5,24030.61,Card,Delivered
TXN0000907,ORD0000907,CUST018253,PROD03987,4,50072.39,COD,Shipped
TXN0000908,ORD0000908,CUST008300,PROD03440,2,21451.65,COD,Cancelled
TXN0000909,ORD0000909,CUST011063,PROD02533,5,13978.46,Card,Delivered
TXN0000910,ORD0000910,CUST035041,PROD00348,3,32700.13,COD,Shipped
TXN0000911,ORD0000911,CUST019365,PROD03978,5,22069.07,UPI,Shipped
TXN0000912,ORD0000912,CUST029056,PROD01624,5,17763.16,COD,Returned
TXN0000913,ORD0000913,CUST003254,PROD02166,5,24373.64,UPI,Cancelled
TXN0000914,ORD0000914,CUST018865,PROD01068,4,10267.21,Card,Delivered
TXN0000915,ORD0000915,CUST019595,PROD02054,2,53261.23,Card,Cancelled
TXN0000916,ORD0000916,CUST011118,PROD02570,5,57851.9,UPI,Delivered
TXN0000917,ORD0000917,CUST048456,PROD03803,2,44367.87,UPI,Returned
TXN0000918,ORD0000918,CUST047697,PROD04555,1,28371.15,Card,Shipped
TXN0000919,ORD0000919,CUST006010,PROD01069,2,7089.16,Card,Returned
TXN0000920,ORD0000920,CUST010566,PROD00552,4,27972.94,UPI,Shipped
TXN0000921,ORD0000921,CUST014629,PROD02260,1,20902.81,Card,Shipped
TXN0000922,ORD0000922,CUST005610,PROD00055,2,17433.82,COD,Cancelled
TXN0000923,ORD0000923,CUST001535,PROD04668,3,44296.48,Card,Delivered
TXN0000924,ORD0000924,CUST037078,PROD01827,1,13650.91,UPI,Cancelled
TXN0000925,ORD0000925,CUST039568,PROD01195,4,7931.24,COD,Shipped
TXN0000926,ORD0000926,CUST016307,PROD04039,4,593.15,COD,Shipped
TXN0000927,ORD0000927,CUST043769,PROD00372,2,45302.88,Card,Shipped
TXN0000928,ORD0000928,CUST040757,PROD02233,5,7650.09,Card,Shipped
TXN0000929,ORD0000929,CUST021367,PROD03796,3,28232.33,Card,Returned
TXN0000930,ORD0000930,CUST040837,PROD03265,2,33172.75,UPI,Shipped
TXN0000931,ORD0000931,CUST002710,PROD00250,4,15477.49,COD,Returned
TXN0000932,ORD0000932,CUST001071,PROD01852,2,30644.06,Card,Delivered
TXN0000933,ORD0000933,CUST025457,PROD01309,3,59751.93,COD,Cancelled
TXN0000934,ORD0000934,CUST001815,PROD01853,4,32482.36,UPI,Returned
TXN0000935,ORD0000935,CUST044280,PROD02417,3,24727.79,UPI,Cancelled
TXN0000936,ORD0000936,CUST034543,PROD00687,3,1831.97,Card,Cancelled
TXN0000937,ORD0000937,CUST011356,PROD01001,4,27287.58,UPI,Returned
TXN0000938,ORD0000938,CUST029008,PROD01500,4,25286.5,Card,Cancelled
TXN0000939,ORD0000939,CUST017203,PROD04200,5,22412.57,Card,Cancelled
TXN0000940,ORD0000940,CUST048925,PROD00666,4,23195.44,Card,Delivered
TXN0000941,ORD0000941,CUST020453,PROD00904,3,17107.97,UPI,Cancelled
TXN0000942,ORD0000942,CUST030223,PROD02793,2,16147.69,COD,Returned
TXN0000943,ORD0000943,CUST017086,PROD04458,3,44042.46,UPI,Delivered
TXN0000944,ORD0000944,CUST039691,PROD03542,3,24820.33,Card,Returned
TXN0000945,ORD0000945,CUST020124,PROD03127,1,37347.23,UPI,Delivered
TXN0000946,ORD0000946,CUST038387,PROD01928,4,32298.97,Card,Shipped
TXN0000947,ORD0000947,CUST027949,PROD01039,1,59214.26,Card,Cancelled
TXN0000948,ORD0000948,CUST024888,PROD04283,1,16644.02,COD,Returned
TXN0000949,ORD0000949,CUST006261,PROD04270,3,43530.37,COD,Shipped
TXN0000950,ORD0000950,CUST044590,PROD01307,4,56563.56,COD,Shipped
TXN0000951,ORD0000951,CUST011380,PROD00591,1,11177.53,UPI,Cancelled
TXN0000952,ORD0000952,CUST045678,PROD04336,3,885.94,Card,Delivered
TXN0000953,ORD0000953,CUST006021,PROD00578,1,22113.2,Card,Delivered
TXN0000954,ORD0000954,CUST049741,PROD00040,4,3233.49,COD,Delivered
TXN0000955,ORD0000955,CUST037300,PROD02642,3,52528.3,COD,Returned
TXN0000956,ORD0000956,CUST046458,PROD03291,4,40405,COD,Shipped
TXN0000957,ORD0000957,CUST001321,PROD02702,5,14395.27,COD,Returned
TXN0000958,ORD0000958,CUST009071,PROD00273,4,31269.23,Card,Returned
TXN0000959,ORD0000959,CUST047727,PROD04285,1,52814.38,Card,Cancelled
TXN0000960,ORD0000960,CUST027051,PROD03591,4,46773.41,Card,Shipped
TXN0000961,ORD0000961,CUST015442,PROD02296,4,33532.66,Card,Delivered
TXN0000962,ORD0000962,CUST032108,PROD00687,4,22831.23,COD,Cancelled
TXN0000963,ORD0000963,CUST010554,PROD03906,1,774.49,Card,Cancelled
TXN0000964,ORD0000964,CUST004581,PROD00073,1,28877.17,COD,Shipped
TXN0000965,ORD0000965,CUST017003,PROD02348,4,47624.16,Card,Delivered
TXN0000966,ORD0000966,CUST030627,PROD03997,4,35178.09,UPI,Shipped
TXN0000967,ORD0000967,CUST003409,PROD01778,3,18076.58,Card,Shipped
TXN0000968,ORD0000968,CUST021093,PROD02807,5,525.63,Card,Cancelled
TXN0000969,ORD0000969,CUST017646,PROD01537,5,40637.52,Card,Shipped
TXN0000970,ORD0000970,CUST010247,PROD03560,4,38464.98,UPI,Shipped
TXN0000971,ORD0000971,CUST042717,PROD03373,1,30537.48,COD,Returned
TXN0000972,ORD0000972,CUST008600,PROD02123,4,22905.31,Card,Shipped
TXN0000973,ORD0000973,CUST042559,PROD02003,5,47536.25,UPI,Returned
TXN0000974,ORD0000974,CUST028564,PROD01230,4,29285.21,UPI,Cancelled
TXN0000975,ORD0000975,CUST018728,PROD02673,2,57435.45,COD,Shipped
TXN0000976,ORD0000976,CUST029406,PROD00769,1,33484.37,UPI,Returned
TXN0000977,ORD0000977,CUST034911,PROD00099,3,25482.93,UPI,Delivered
TXN0000978,ORD0000978,CUST003228,PROD01386,1,42727.94,COD,Shipped
TXN0000979,ORD0000979,CUST021828,PROD02921,1,28584.14,Card,Delivered
TXN0000980,ORD0000980,CUST034648,PROD03586,3,8654.42,COD,Cancelled
TXN0000981,ORD0000981,CUST020920,PROD00161,4,18792.92,UPI,Shipped
TXN0000982,ORD0000982,CUST019966,PROD03971,1,20267.4,Card,Returned
TXN0000983,ORD0000983,CUST006076,PROD03895,5,8193.28,COD,Returned
TXN0000984,ORD0000984,CUST027411,PROD00063,2,1571.71,COD,Shipped
TXN0000985,ORD0000985,CUST038128,PROD03376,2,20685.19,Card,Returned
TXN0000986,ORD0000986,CUST039282,PROD00557,3,1142.67,UPI,Returned
TXN0000987,ORD0000987,CUST016816,PROD03679,5,23234.87,COD,Returned
TXN0000988,ORD0000988,CUST010359,PROD00524,4,23879.62,COD,Delivered
TXN0000989,ORD0000989,CUST009750,PROD03182,4,35846.81,UPI,Delivered
TXN0000990,ORD0000990,CUST021985,PROD01336,4,36616.67,UPI,Shipped
TXN0000991,ORD0000991,CUST046772,PROD02209,2,43006.84,UPI,Returned
TXN0000992,ORD0000992,CUST015073,PROD00620,4,58567.08,UPI,Delivered
TXN0000993,ORD0000993,CUST019939,PROD01297,4,12640.33,UPI,Cancelled
TXN0000994,ORD0000994,CUST029122,PROD04364,4,21599.5,Card,Returned
TXN0000995,ORD0000995,CUST016271,PROD00156,5,16349.32,COD,Returned
TXN0000996,ORD0000996,CUST021974,PROD00580,3,16498.57,COD,Delivered
TXN0000997,ORD0000997,CUST012227,PROD00610,2,39571.45,COD,Cancelled
TXN0000998,ORD0000998,CUST026806,PROD00554,2,15739.06,COD,Shipped
TXN0000999,ORD0000999,CUST000586,PROD04841,3,22885.35,Card,Delivered
TXN0001000,ORD0001000,CUST025151,PROD01571,5,34183.74,UPI,Delivered
TXN0001001,ORD0001001,CUST008280,PROD03916,2,6407.3,Card,Returned
TXN0001002,ORD0001002,CUST011785,PROD02301,3,55238.9,COD,Shipped
TXN0001003,ORD0001003,CUST025950,PROD01702,3,17428.1,COD,Returned
TXN0001004,ORD0001004,CUST046003,PROD02165,1,2732.46,Card,Shipped
TXN0001005,ORD0001005,CUST007806,PROD01200,2,24415.72,Card,Cancelled
TXN0001006,ORD0001006,CUST020971,PROD01339,4,21373.2,Card,Shipped
TXN0001007,ORD0001007,CUST042902,PROD03243,1,47036.23,Card,Returned
TXN0001008,ORD0001008,CUST010568,PROD03344,5,4053.21,COD,Cancelled
TXN0001009,ORD0001009,CUST027965,PROD04974,5,20523.02,Card,Cancelled
TXN0001010,ORD0001010,CUST028629,PROD04040,1,43501.84,Card,Cancelled
TXN0001011,ORD0001011,CUST045479,PROD04615,1,50957.74,Card,Delivered
TXN0001012,ORD0001012,CUST040270,PROD04860,3,37465.62,Card,Delivered
TXN0001013,ORD0001013,CUST020567,PROD02920,4,32292.61,Card,Cancelled
TXN0001014,ORD0001014,CUST048707,PROD01866,3,1790.54,Card,Returned
TXN0001015,ORD0001015,CUST012676,PROD04647,2,44270.73,UPI,Shipped
TXN0001016,ORD0001016,CUST022661,PROD01569,2,38053.17,COD,Shipped
TXN0001017,ORD0001017,CUST013784,PROD00527,4,31258.04,COD,Returned
TXN0001018,ORD0001018,CUST021657,PROD03361,2,20331.86,Card,Cancelled
TXN0001019,ORD0001019,CUST049864,PROD02726,1,25005.73,Card,Cancelled
TXN0001020,ORD0001020,CUST047415,PROD02065,5,54882.34,Card,Cancelled
TXN0001021,ORD0001021,CUST043427,PROD03375,5,12767.6,UPI,Shipped
TXN0001022,ORD0001022,CUST031027,PROD04147,5,38129.07,UPI,Delivered
TXN0001023,ORD0001023,CUST020766,PROD04154,1,57428.52,COD,Cancelled
TXN0001024,ORD0001024,CUST034129,PROD01280,2,44649.67,UPI,Delivered
TXN0001025,ORD0001025,CUST044434,PROD04127,5,40298.22,COD,Delivered
TXN0001026,ORD0001026,CUST010790,PROD04162,2,32993.88,COD,Returned
TXN0001027,ORD0001027,CUST008829,PROD01499,5,17759.53,UPI,Shipped
TXN0001028,ORD0001028,CUST027988,PROD04663,4,42488.87,Card,Shipped
TXN0001029,ORD0001029,CUST026679,PROD04240,3,3655.82,Card,Cancelled
TXN0001030,ORD0001030,CUST042095,PROD02679,3,19201.12,Card,Returned
TXN0001031,ORD0001031,CUST010727,PROD03418,4,1571.59,Card,Returned
TXN0001032,ORD0001032,CUST034804,PROD02466,2,417.18,COD,Delivered
TXN0001033,ORD0001033,CUST001991,PROD02625,2,26090.84,COD,Shipped
TXN0001034,ORD0001034,CUST029879,PROD04987,2,47760.71,Card,Cancelled
TXN0001035,ORD0001035,CUST015573,PROD02554,3,984.37,UPI,Cancelled
TXN0001036,ORD0001036,CUST036255,PROD02949,3,49470.93,UPI,Delivered
